observation_id,replicate,trial_seed,state,age,effect,effect_rms,effect_ee6_rms,effect_gripper_abs
rep_00_S8_age_08,0,42000,S8,8,hidden_effect_at_empty_ref,0.7496582168984762,0.10150968885858455,1.9677618741989136
rep_00_S8_age_08,0,42000,S8,8,hidden_effect_at_fresh_ref,0.006724161080484428,0.007262924062824268,0.0
rep_00_S8_age_08,0,42000,S8,8,ref_effect_at_stale_hidden,0.7670479296477009,0.17447147577611108,1.983909249305725
rep_00_S8_age_08,0,42000,S8,8,ref_effect_at_fresh_hidden,0.15663643545957884,0.16905821121314968,0.016147375106811523
rep_00_S8_age_08,0,42000,S8,8,hidden_ref_interaction,0.7494601866045926,0.09978911562800309,1.9677618741989136
rep_00_S8_age_09,0,42000,S8,9,hidden_effect_at_empty_ref,0.14540278074443805,0.15673710091163598,0.024385809898376465
rep_00_S8_age_09,0,42000,S8,9,hidden_effect_at_fresh_ref,0.02136299171287713,0.023074636113106336,9.441375732421875e-05
rep_00_S8_age_09,0,42000,S8,9,ref_effect_at_stale_hidden,0.11826938278252576,0.12760762504858117,0.014535903930664062
rep_00_S8_age_09,0,42000,S8,9,ref_effect_at_fresh_hidden,0.2519016123295028,0.2716227153082509,0.03882730007171631
rep_00_S8_age_09,0,42000,S8,9,hidden_ref_interaction,0.14850145266110526,0.1600930449096857,0.024291396141052246
rep_00_S8_age_10,0,42000,S8,10,hidden_effect_at_empty_ref,0.14912769490245134,0.16076165506300558,0.024650096893310547
rep_00_S8_age_10,0,42000,S8,10,hidden_effect_at_fresh_ref,0.01912049019640309,0.02065159876704891,0.0004699230194091797
rep_00_S8_age_10,0,42000,S8,10,ref_effect_at_stale_hidden,0.10350257883320663,0.11162135591777601,0.015281498432159424
rep_00_S8_age_10,0,42000,S8,10,ref_effect_at_fresh_hidden,0.2536858835802632,0.27353807447169676,0.03946167230606079
rep_00_S8_age_10,0,42000,S8,10,hidden_ref_interaction,0.1614199098352231,0.17407375363616653,0.024180173873901367
rep_00_S8_age_11,0,42000,S8,11,hidden_effect_at_empty_ref,0.146237342822178,0.15775581362045585,0.019394397735595703
rep_00_S8_age_11,0,42000,S8,11,hidden_effect_at_fresh_ref,0.0294627083020253,0.03182235413605857,0.000620424747467041
rep_00_S8_age_11,0,42000,S8,11,ref_effect_at_stale_hidden,0.09505807488002466,0.1024697756399074,0.015872418880462646
rep_00_S8_age_11,0,42000,S8,11,ref_effect_at_fresh_hidden,0.23054733544123365,0.2486175592765781,0.03464639186859131
rep_00_S8_age_11,0,42000,S8,11,hidden_ref_interaction,0.1682142147821227,0.18153038878821537,0.018773972988128662
rep_00_S12_age_08,0,42000,S12,8,hidden_effect_at_empty_ref,0.7491271474915997,0.0965095782528202,1.9678556323051453
rep_00_S12_age_08,0,42000,S12,8,hidden_effect_at_fresh_ref,0.015749129046301064,0.017010945375139343,0.00010901689529418945
rep_00_S12_age_08,0,42000,S12,8,ref_effect_at_stale_hidden,0.12142903388500757,0.13105006520095994,0.013051986694335938
rep_00_S12_age_08,0,42000,S12,8,ref_effect_at_fresh_hidden,0.7700675371974356,0.19433698019394632,1.9810166358947754
rep_00_S12_age_08,0,42000,S12,8,hidden_ref_interaction,0.7479115997565363,0.08437759067633674,1.9679646492004395
rep_00_S12_age_09,0,42000,S12,9,hidden_effect_at_empty_ref,0.7477036404934055,0.08708839622517345,1.9667025208473206
rep_00_S12_age_09,0,42000,S12,9,hidden_effect_at_fresh_ref,0.019006803838875482,0.020529694530875848,0.0
rep_00_S12_age_09,0,42000,S12,9,ref_effect_at_stale_hidden,0.148386810904545,0.1601861983997512,0.013145744800567627
rep_00_S12_age_09,0,42000,S12,9,ref_effect_at_fresh_hidden,0.7732451582085041,0.2103795648588962,1.9798482656478882
rep_00_S12_age_09,0,42000,S12,9,hidden_ref_interaction,0.747126313337944,0.08110208697112141,1.9667025208473206
rep_00_S12_age_10,0,42000,S12,10,hidden_effect_at_empty_ref,0.7489075851575397,0.09354142062223735,1.9681305885314941
rep_00_S12_age_10,0,42000,S12,10,hidden_effect_at_fresh_ref,0.021775320520166046,0.023520034319319316,0.0
rep_00_S12_age_10,0,42000,S12,10,ref_effect_at_stale_hidden,0.12097943089607864,0.13056260098383798,0.0131378173828125
rep_00_S12_age_10,0,42000,S12,10,ref_effect_at_fresh_hidden,0.7686052874206595,0.1870178773463224,1.9812684059143066
rep_00_S12_age_10,0,42000,S12,10,hidden_ref_interaction,0.7484539298933953,0.08920480433320027,1.9681305885314941
rep_00_S12_age_11,0,42000,S12,11,hidden_effect_at_empty_ref,0.750934310684562,0.11458433882214576,1.9668601751327515
rep_00_S12_age_11,0,42000,S12,11,hidden_effect_at_fresh_ref,0.01612400916589497,0.017415920403819483,0.0
rep_00_S12_age_11,0,42000,S12,11,ref_effect_at_stale_hidden,0.11447337198902553,0.12352903000559946,0.013135552406311035
rep_00_S12_age_11,0,42000,S12,11,ref_effect_at_fresh_hidden,0.7698050631609148,0.1948571125227916,1.9799957275390625
rep_00_S12_age_11,0,42000,S12,11,hidden_ref_interaction,0.7504426489206016,0.11076268678993272,1.9668601751327515
rep_01_S8_age_08,1,42001,S8,8,hidden_effect_at_empty_ref,0.7518638362067361,0.10739415011368679,1.9717742204666138
rep_01_S8_age_08,1,42001,S8,8,hidden_effect_at_fresh_ref,0.004542493245877913,0.004906453475133969,0.0
rep_01_S8_age_08,1,42001,S8,8,ref_effect_at_stale_hidden,0.764583314035647,0.16133973993585773,1.9839179515838623
rep_01_S8_age_08,1,42001,S8,8,ref_effect_at_fresh_hidden,0.10828322377166053,0.11685412961411655,0.012143731117248535
rep_01_S8_age_08,1,42001,S8,8,hidden_ref_interaction,0.7517809708613394,0.10671521333890159,1.9717742204666138
rep_01_S8_age_09,1,42001,S8,9,hidden_effect_at_empty_ref,0.14101586357270413,0.15202486350980474,0.022999167442321777
rep_01_S8_age_09,1,42001,S8,9,hidden_effect_at_fresh_ref,0.0209672722995847,0.022647239648948506,2.777576446533203e-05
rep_01_S8_age_09,1,42001,S8,9,ref_effect_at_stale_hidden,0.11826664411534234,0.1276046015063027,0.014539182186126709
rep_01_S8_age_09,1,42001,S8,9,ref_effect_at_fresh_hidden,0.24602572691818014,0.26529655261855156,0.037510573863983154
rep_01_S8_age_09,1,42001,S8,9,hidden_ref_interaction,0.14389631251058574,0.15514259915928505,0.022971391677856445
rep_01_S8_age_10,1,42001,S8,10,hidden_effect_at_empty_ref,0.11885682048244807,0.12813498167177031,0.019420742988586426
rep_01_S8_age_10,1,42001,S8,10,hidden_effect_at_fresh_ref,0.022828506933140875,0.024649249912057317,0.001572251319885254
rep_01_S8_age_10,1,42001,S8,10,ref_effect_at_stale_hidden,0.10225543104699991,0.11026269665410028,0.015685617923736572
rep_01_S8_age_10,1,42001,S8,10,ref_effect_at_fresh_hidden,0.2169832299520229,0.23396848721452837,0.033534109592437744
rep_01_S8_age_10,1,42001,S8,10,hidden_ref_interaction,0.13367919159599423,0.14420605350531235,0.017848491668701172
rep_01_S8_age_11,1,42001,S8,11,hidden_effect_at_empty_ref,0.20514005708939678,0.22109966726484592,0.035591065883636475
rep_01_S8_age_11,1,42001,S8,11,hidden_effect_at_fresh_ref,0.04226032681530753,0.045639753204714834,0.0019037127494812012
rep_01_S8_age_11,1,42001,S8,11,ref_effect_at_stale_hidden,0.1715653981000829,0.18520645245051576,0.015304267406463623
rep_01_S8_age_11,1,42001,S8,11,ref_effect_at_fresh_hidden,0.3781810112413129,0.40799223071878027,0.048991620540618896
rep_01_S8_age_11,1,42001,S8,11,hidden_ref_interaction,0.23445967095481524,0.2528716813486293,0.03368735313415527
rep_01_S12_age_08,1,42001,S12,8,hidden_effect_at_empty_ref,0.7464893602101014,0.08671657355115762,1.963569700717926
rep_01_S12_age_08,1,42001,S12,8,hidden_effect_at_fresh_ref,0.012494013600230135,0.013494986842992069,0.00012087821960449219
rep_01_S12_age_08,1,42001,S12,8,ref_effect_at_stale_hidden,0.12036757534281119,0.1299029094700392,0.013033688068389893
rep_01_S12_age_08,1,42001,S12,8,ref_effect_at_fresh_hidden,0.7628278231447988,0.16628549073643073,1.9767242670059204
rep_01_S12_age_08,1,42001,S12,8,hidden_ref_interaction,0.7455604338427569,0.07631277063788848,1.9636905789375305
rep_01_S12_age_09,1,42001,S12,9,hidden_effect_at_empty_ref,0.08171675252152018,0.08815266090184617,0.010864794254302979
rep_01_S12_age_09,1,42001,S12,9,hidden_effect_at_fresh_ref,0.015347967551707403,0.016577699658365568,0.0
rep_01_S12_age_09,1,42001,S12,9,ref_effect_at_stale_hidden,0.13183405275073876,0.14229559655734922,0.013164401054382324
rep_01_S12_age_09,1,42001,S12,9,ref_effect_at_fresh_hidden,0.20372872912329035,0.22005017507374014,0.0022996068000793457
rep_01_S12_age_09,1,42001,S12,9,hidden_ref_interaction,0.08515218608550192,0.09186785782832435,0.010864794254302979
rep_01_S12_age_10,1,42001,S12,10,hidden_effect_at_empty_ref,0.7495223303807823,0.11321777693642446,1.9635621905326843
rep_01_S12_age_10,1,42001,S12,10,hidden_effect_at_fresh_ref,0.010610264426689506,0.011458755992135233,0.0004748106002807617
rep_01_S12_age_10,1,42001,S12,10,ref_effect_at_stale_hidden,0.1262471731709947,0.13626447667129685,0.012664735317230225
rep_01_S12_age_10,1,42001,S12,10,ref_effect_at_fresh_hidden,0.7709431646360115,0.2053954668469669,1.9767017364501953
rep_01_S12_age_10,1,42001,S12,10,hidden_ref_interaction,0.7489186959275516,0.10701491325153449,1.964037001132965
rep_01_S12_age_11,1,42001,S12,11,hidden_effect_at_empty_ref,0.7551848406054155,0.15395682762565518,1.962119460105896
rep_01_S12_age_11,1,42001,S12,11,hidden_effect_at_fresh_ref,0.01871137164952073,0.02021053081030354,0.00012111663818359375
rep_01_S12_age_11,1,42001,S12,11,ref_effect_at_stale_hidden,0.09645034407331168,0.10404290729890747,0.013004720211029053
rep_01_S12_age_11,1,42001,S12,11,ref_effect_at_fresh_hidden,0.769298432811144,0.20047716741834512,1.9752452969551086
rep_01_S12_age_11,1,42001,S12,11,hidden_ref_interaction,0.7534180329071544,0.14322653684918385,1.9622405767440796
rep_02_S8_age_08,2,42002,S8,8,hidden_effect_at_empty_ref,0.09122010983385925,0.09848156506384995,0.007486462593078613
rep_02_S8_age_08,2,42002,S8,8,hidden_effect_at_fresh_ref,0.02282167264280095,0.024650223783656895,0.0
rep_02_S8_age_08,2,42002,S8,8,ref_effect_at_stale_hidden,0.7636317266520685,0.15601313495484545,1.9839085936546326
rep_02_S8_age_08,2,42002,S8,8,ref_effect_at_fresh_hidden,0.780018670074781,0.24247317360439258,1.976422131061554
rep_02_S8_age_08,2,42002,S8,8,hidden_ref_interaction,0.09337597898763192,0.10081126511219961,0.007486462593078613
rep_02_S8_age_09,2,42002,S8,9,hidden_effect_at_empty_ref,0.11274438938044834,0.1217298675188033,0.008373618125915527
rep_02_S8_age_09,2,42002,S8,9,hidden_effect_at_fresh_ref,0.026918188771102528,0.029072802546728786,0.0008689761161804199
rep_02_S8_age_09,2,42002,S8,9,ref_effect_at_stale_hidden,0.14914115615527768,0.16098323814266555,0.014421284198760986
rep_02_S8_age_09,2,42002,S8,9,ref_effect_at_fresh_hidden,0.20194988333583402,0.21794706597986827,0.021925926208496094
rep_02_S8_age_09,2,42002,S8,9,hidden_ref_interaction,0.12420550568206082,0.13412229111303658,0.007504642009735107
rep_02_S8_age_10,2,42002,S8,10,hidden_effect_at_empty_ref,0.15692222180477036,0.16928354618433875,0.020750224590301514
rep_02_S8_age_10,2,42002,S8,10,hidden_effect_at_fresh_ref,0.02150051574966822,0.023218614416023763,0.0011317729949951172
rep_02_S8_age_10,2,42002,S8,10,ref_effect_at_stale_hidden,0.1073391360290228,0.11576207809051159,0.015706002712249756
rep_02_S8_age_10,2,42002,S8,10,ref_effect_at_fresh_hidden,0.25109720580004,0.27083230674225545,0.03532445430755615
rep_02_S8_age_10,2,42002,S8,10,hidden_ref_interaction,0.17367249386666206,0.18741667581357455,0.019618451595306396
rep_02_S8_age_11,2,42002,S8,11,hidden_effect_at_empty_ref,0.1804769845366852,0.19462681803439172,0.026944458484649658
rep_02_S8_age_11,2,42002,S8,11,hidden_effect_at_fresh_ref,0.03860384822768905,0.041693479734102416,0.0013123154640197754
rep_02_S8_age_11,2,42002,S8,11,ref_effect_at_stale_hidden,0.1587917041565244,0.1714100482471693,0.014670014381408691
rep_02_S8_age_11,2,42002,S8,11,ref_effect_at_fresh_hidden,0.34577267364312697,0.37311457779457774,0.040302157402038574
rep_02_S8_age_11,2,42002,S8,11,hidden_ref_interaction,0.2041292188288616,0.22023629700162914,0.025632143020629883
rep_02_S12_age_08,2,42002,S12,8,hidden_effect_at_empty_ref,0.7488377181787291,0.09859836318501543,1.9664627313613892
rep_02_S12_age_08,2,42002,S12,8,hidden_effect_at_fresh_ref,0.014324160705287171,0.015471792724051116,0.00011330842971801758
rep_02_S12_age_08,2,42002,S12,8,ref_effect_at_stale_hidden,0.11998182045831644,0.1294855968656294,0.013051509857177734
rep_02_S12_age_08,2,42002,S12,8,ref_effect_at_fresh_hidden,0.7664709062499526,0.17954494124818848,1.979627549648285
rep_02_S12_age_08,2,42002,S12,8,hidden_ref_interaction,0.7477827120383692,0.0883473926079462,1.9665760397911072
rep_02_S12_age_09,2,42002,S12,9,hidden_effect_at_empty_ref,0.7504073896904503,0.10721995014271174,1.9679436087608337
rep_02_S12_age_09,2,42002,S12,9,hidden_effect_at_fresh_ref,0.013669380286516007,0.014764618190806399,0.0
rep_02_S12_age_09,2,42002,S12,9,ref_effect_at_stale_hidden,0.12101079893899003,0.13059637695683382,0.013145804405212402
rep_02_S12_age_09,2,42002,S12,9,ref_effect_at_fresh_hidden,0.7729392511723017,0.20709512269365504,1.9810894131660461
rep_02_S12_age_09,2,42002,S12,9,hidden_ref_interaction,0.7493522393259939,0.0982339069242037,1.9679436087608337
rep_02_S12_age_10,2,42002,S12,10,hidden_effect_at_empty_ref,0.7487930132440449,0.07781008358127424,1.9719306230545044
rep_02_S12_age_10,2,42002,S12,10,hidden_effect_at_fresh_ref,0.019882171211102632,0.02147421100651261,0.0005046725273132324
rep_02_S12_age_10,2,42002,S12,10,ref_effect_at_stale_hidden,0.14330597904577594,0.15470253414096588,0.012608766555786133
rep_02_S12_age_10,2,42002,S12,10,ref_effect_at_fresh_hidden,0.7682177798458676,0.1782834691679886,1.9850440621376038
rep_02_S12_age_10,2,42002,S12,10,hidden_ref_interaction,0.7475119391458906,0.05904475548629085,1.9724352955818176
rep_02_S12_age_11,2,42002,S12,11,hidden_effect_at_empty_ref,0.7472347553473507,0.08065100744526393,1.9671021699905396
rep_02_S12_age_11,2,42002,S12,11,hidden_effect_at_fresh_ref,0.013369497071505492,0.014438853780486368,0.0005667209625244141
rep_02_S12_age_11,2,42002,S12,11,ref_effect_at_stale_hidden,0.10086582301574999,0.1088269830367954,0.012550950050354004
rep_02_S12_age_11,2,42002,S12,11,ref_effect_at_fresh_hidden,0.758866139451101,0.1353231345916899,1.980219841003418
rep_02_S12_age_11,2,42002,S12,11,hidden_ref_interaction,0.7464679181087723,0.06925749650766262,1.967668890953064
rep_03_S8_age_08,3,42003,S8,8,hidden_effect_at_empty_ref,0.09499370490840998,0.10251975249007153,0.0102386474609375
rep_03_S8_age_08,3,42003,S8,8,hidden_effect_at_fresh_ref,0.027159068195070444,0.02933514643043792,0.0
rep_03_S8_age_08,3,42003,S8,8,ref_effect_at_stale_hidden,0.7600568956709405,0.13408138879584075,1.9839199781417847
rep_03_S8_age_08,3,42003,S8,8,ref_effect_at_fresh_hidden,0.7724206768516008,0.2164170045371802,1.9736813306808472
rep_03_S8_age_08,3,42003,S8,8,hidden_ref_interaction,0.09678971064495412,0.10446124217886447,0.0102386474609375
rep_03_S8_age_09,3,42003,S8,9,hidden_effect_at_empty_ref,0.13481776629501555,0.14545168777354398,0.017136216163635254
rep_03_S8_age_09,3,42003,S8,9,hidden_effect_at_fresh_ref,0.02991664407830481,0.032301561846620495,0.0021665096282958984
rep_03_S8_age_09,3,42003,S8,9,ref_effect_at_stale_hidden,0.11485347449874243,0.12388706613918993,0.015849709510803223
rep_03_S8_age_09,3,42003,S8,9,ref_effect_at_fresh_hidden,0.23397605559245618,0.2524096292830379,0.030819416046142578
rep_03_S8_age_09,3,42003,S8,9,hidden_ref_interaction,0.1514172855229074,0.16343513921029215,0.014969706535339355
rep_03_S8_age_10,3,42003,S8,10,hidden_effect_at_empty_ref,0.13731052261381294,0.14812659366423675,0.01817500591278076
rep_03_S8_age_10,3,42003,S8,10,hidden_effect_at_fresh_ref,0.03049002899413979,0.03292927332817087,0.001212775707244873
rep_03_S8_age_10,3,42003,S8,10,ref_effect_at_stale_hidden,0.10156810957698739,0.10951034676283204,0.016045868396759033
rep_03_S8_age_10,3,42003,S8,10,ref_effect_at_fresh_hidden,0.2248643804130644,0.24250717943891906,0.03300809860229492
rep_03_S8_age_10,3,42003,S8,10,hidden_ref_interaction,0.14546677430076,0.1569694023924897,0.01696223020553589
rep_03_S8_age_11,3,42003,S8,11,hidden_effect_at_empty_ref,0.16483659253581195,0.1776629155175311,0.028513967990875244
rep_03_S8_age_11,3,42003,S8,11,hidden_effect_at_fresh_ref,0.042669652576039364,0.04608698209287714,0.0009139180183410645
rep_03_S8_age_11,3,42003,S8,11,ref_effect_at_stale_hidden,0.16396369911674707,0.17701385164144504,0.013610303401947021
rep_03_S8_age_11,3,42003,S8,11,ref_effect_at_fresh_hidden,0.34625866588974924,0.37358915941143417,0.04303818941116333
rep_03_S8_age_11,3,42003,S8,11,hidden_ref_interaction,0.19540537456928192,0.21071972791639537,0.02942788600921631
rep_03_S12_age_08,3,42003,S12,8,hidden_effect_at_empty_ref,0.7561853370474586,0.15137935451221524,1.966016173362732
rep_03_S12_age_08,3,42003,S12,8,hidden_effect_at_fresh_ref,0.01908279351385915,0.02061177276076342,0.0
rep_03_S12_age_08,3,42003,S12,8,ref_effect_at_stale_hidden,0.11881435229072025,0.12822160131045726,0.013163506984710693
rep_03_S12_age_08,3,42003,S12,8,ref_effect_at_fresh_hidden,0.7769458207391469,0.2267015113344639,1.9791796803474426
rep_03_S12_age_08,3,42003,S12,8,hidden_ref_interaction,0.7540816930143031,0.13859702032113558,1.966016173362732
rep_03_S12_age_09,3,42003,S12,9,hidden_effect_at_empty_ref,0.7499989306718519,0.09945678584135448,1.969299077987671
rep_03_S12_age_09,3,42003,S12,9,hidden_effect_at_fresh_ref,0.018129086113221282,0.01958165103314899,0.0
rep_03_S12_age_09,3,42003,S12,9,ref_effect_at_stale_hidden,0.13235605923627533,0.1428601750677453,0.013141810894012451
rep_03_S12_age_09,3,42003,S12,9,ref_effect_at_fresh_hidden,0.7730433140613023,0.20538576711243053,1.9824408888816833
rep_03_S12_age_09,3,42003,S12,9,hidden_ref_interaction,0.7489300872815489,0.08956847556083147,1.969299077987671
rep_03_S12_age_10,3,42003,S12,10,hidden_effect_at_empty_ref,0.7500156232216394,0.09821829196257216,1.969716489315033
rep_03_S12_age_10,3,42003,S12,10,hidden_effect_at_fresh_ref,0.02129829765963151,0.023004501715657665,0.00028246641159057617
rep_03_S12_age_10,3,42003,S12,10,ref_effect_at_stale_hidden,0.10294065511762135,0.11106512552090124,0.0128326416015625
rep_03_S12_age_10,3,42003,S12,10,ref_effect_at_fresh_hidden,0.7603341282655005,0.13852482501568936,1.982831597328186
rep_03_S12_age_10,3,42003,S12,10,hidden_ref_interaction,0.7484712343396587,0.082227767890515,1.9699989557266235
rep_03_S12_age_11,3,42003,S12,11,hidden_effect_at_empty_ref,0.7482415755990731,0.08639367254122754,1.9683178067207336
rep_03_S12_age_11,3,42003,S12,11,hidden_effect_at_fresh_ref,0.02346527153726825,0.02534539004179432,0.0
rep_03_S12_age_11,3,42003,S12,11,ref_effect_at_stale_hidden,0.12622014222373426,0.13622798256257057,0.013125956058502197
rep_03_S12_age_11,3,42003,S12,11,ref_effect_at_fresh_hidden,0.7699227413808166,0.19293686739912536,1.9814437627792358
rep_03_S12_age_11,3,42003,S12,11,hidden_ref_interaction,0.7479558939288602,0.08345772042030557,1.9683178067207336
rep_04_S8_age_08,4,42004,S8,8,hidden_effect_at_empty_ref,0.7569640427895385,0.14176487431162688,1.9724041819572449
rep_04_S8_age_08,4,42004,S8,8,hidden_effect_at_fresh_ref,0.025829154513254855,0.02789867547658597,0.0
rep_04_S8_age_08,4,42004,S8,8,ref_effect_at_stale_hidden,0.7606445544061873,0.13791394741987362,1.9839202165603638
rep_04_S8_age_08,4,42004,S8,8,ref_effect_at_fresh_hidden,0.14089128566063067,0.15210734234565942,0.011516034603118896
rep_04_S8_age_08,4,42004,S8,8,hidden_ref_interaction,0.760122245502486,0.16027192504811014,1.9724041819572449
rep_04_S8_age_09,4,42004,S8,9,hidden_effect_at_empty_ref,0.1301986425502902,0.14040193498210948,0.019636332988739014
rep_04_S8_age_09,4,42004,S8,9,hidden_effect_at_fresh_ref,0.02615218195044997,0.028238340264136033,0.0017700791358947754
rep_04_S8_age_09,4,42004,S8,9,ref_effect_at_stale_hidden,0.11525670383689614,0.12433594157653811,0.015237987041473389
rep_04_S8_age_09,4,42004,S8,9,ref_effect_at_fresh_hidden,0.2351560598447612,0.25363777209727045,0.03310424089431763
rep_04_S8_age_09,4,42004,S8,9,hidden_ref_interaction,0.14526330633198337,0.15673267801087473,0.01786625385284424
rep_04_S8_age_10,4,42004,S8,10,hidden_effect_at_empty_ref,0.19210858698954356,0.20705371936319855,0.03335428237915039
rep_04_S8_age_10,4,42004,S8,10,hidden_effect_at_fresh_ref,0.03180986237289142,0.0343569512698547,0.0008190274238586426
rep_04_S8_age_10,4,42004,S8,10,ref_effect_at_stale_hidden,0.15589691817246595,0.16827984724298578,0.01477503776550293
rep_04_S8_age_10,4,42004,S8,10,ref_effect_at_fresh_hidden,0.3516265182731826,0.37930862426989415,0.04731029272079468
rep_04_S8_age_10,4,42004,S8,10,hidden_ref_interaction,0.21105528793645797,0.22757848431789504,0.03253525495529175
rep_04_S8_age_11,4,42004,S8,11,hidden_effect_at_empty_ref,0.15580239514354396,0.16799002993220852,0.0244295597076416
rep_04_S8_age_11,4,42004,S8,11,hidden_effect_at_fresh_ref,0.024891452382280924,0.026885725747762074,0.00019317865371704102
rep_04_S8_age_11,4,42004,S8,11,ref_effect_at_stale_hidden,0.09145836177092341,0.09858840103606872,0.015309691429138184
rep_04_S8_age_11,4,42004,S8,11,ref_effect_at_fresh_hidden,0.2439397491953965,0.26298996077599457,0.039546072483062744
rep_04_S8_age_11,4,42004,S8,11,hidden_ref_interaction,0.173260137101988,0.18688058736066673,0.02423638105392456
rep_04_S12_age_08,4,42004,S12,8,hidden_effect_at_empty_ref,0.7488767189139004,0.08948837567791934,1.969178855419159
rep_04_S12_age_08,4,42004,S12,8,hidden_effect_at_fresh_ref,0.014316963284633987,0.015463937460939334,0.00016701221466064453
rep_04_S12_age_08,4,42004,S12,8,ref_effect_at_stale_hidden,0.11897976331757115,0.12840367768960778,0.012971580028533936
rep_04_S12_age_08,4,42004,S12,8,ref_effect_at_fresh_hidden,0.7618458525742114,0.14904208482008402,1.9823174476623535
rep_04_S12_age_08,4,42004,S12,8,hidden_ref_interaction,0.7478398223469214,0.07802526604538942,1.9693458676338196
rep_04_S12_age_09,4,42004,S12,9,hidden_effect_at_empty_ref,0.08165625160367938,0.08819669134669385,0.0015052556991577148
rep_04_S12_age_09,4,42004,S12,9,hidden_effect_at_fresh_ref,0.016117487718056572,0.017408876435083008,0.0
rep_04_S12_age_09,4,42004,S12,9,ref_effect_at_stale_hidden,0.1319332140537364,0.14240289958338279,0.013156592845916748
rep_04_S12_age_09,4,42004,S12,9,ref_effect_at_fresh_hidden,0.19270757885807233,0.2080618925715064,0.014661848545074463
rep_04_S12_age_09,4,42004,S12,9,hidden_ref_interaction,0.08028808239293332,0.08671886321673937,0.0015052556991577148
rep_04_S12_age_10,4,42004,S12,10,hidden_effect_at_empty_ref,0.7484353528954537,0.08424446753042723,1.96939218044281
rep_04_S12_age_10,4,42004,S12,10,hidden_effect_at_fresh_ref,0.02037254471703893,0.022003061528035574,0.0006897449493408203
rep_04_S12_age_10,4,42004,S12,10,ref_effect_at_stale_hidden,0.10814833048722217,0.11670318371114657,0.012435078620910645
rep_04_S12_age_10,4,42004,S12,10,ref_effect_at_fresh_hidden,0.7617706923817772,0.14814882337352564,1.9825170040130615
rep_04_S12_age_10,4,42004,S12,10,hidden_ref_interaction,0.7475089454127076,0.07090436228620904,1.9700819253921509
rep_04_S12_age_11,4,42004,S12,11,hidden_effect_at_empty_ref,0.7617340731649771,0.18869474928731028,1.9616414904594421
rep_04_S12_age_11,4,42004,S12,11,hidden_effect_at_fresh_ref,0.016805542374473344,0.018151906182608184,0.00018328428268432617
rep_04_S12_age_11,4,42004,S12,11,ref_effect_at_stale_hidden,0.09725468978273112,0.10491428235445027,0.012933790683746338
rep_04_S12_age_11,4,42004,S12,11,ref_effect_at_fresh_hidden,0.7809356911793748,0.24811035333153822,1.9747585654258728
rep_04_S12_age_11,4,42004,S12,11,hidden_ref_interaction,0.7603447959249676,0.18171085733442446,1.9618247747421265
rep_05_S8_age_08,5,42005,S8,8,hidden_effect_at_empty_ref,0.04008976372718309,0.043206216904917945,0.007047057151794434
rep_05_S8_age_08,5,42005,S8,8,hidden_effect_at_fresh_ref,0.026840326063341694,0.02899086557953929,0.0
rep_05_S8_age_08,5,42005,S8,8,ref_effect_at_stale_hidden,0.7620660338000029,0.14678710744020396,1.9839187860488892
rep_05_S8_age_08,5,42005,S8,8,ref_effect_at_fresh_hidden,0.762433588148794,0.16386630823607645,1.9768717288970947
rep_05_S8_age_08,5,42005,S8,8,hidden_ref_interaction,0.04985201023442885,0.05376941425568153,0.007047057151794434
rep_05_S8_age_09,5,42005,S8,9,hidden_effect_at_empty_ref,0.7493742066947894,0.09833542401964454,1.9679717421531677
rep_05_S8_age_09,5,42005,S8,9,hidden_effect_at_fresh_ref,0.015360224751945506,0.016590883797651036,0.00010478496551513672
rep_05_S8_age_09,5,42005,S8,9,ref_effect_at_stale_hidden,0.7623724869541073,0.14891235329606042,1.9837926626205444
rep_05_S8_age_09,5,42005,S8,9,ref_effect_at_fresh_hidden,0.1194900774732744,0.12890016951659955,0.015925705432891846
rep_05_S8_age_09,5,42005,S8,9,hidden_ref_interaction,0.7504009432576196,0.1074016358522893,1.9678669571876526
rep_05_S8_age_10,5,42005,S8,10,hidden_effect_at_empty_ref,0.1264020106454645,0.13640670519543266,0.014196574687957764
rep_05_S8_age_10,5,42005,S8,10,hidden_effect_at_fresh_ref,0.012479408257819789,0.013478391106601272,0.00038373470306396484
rep_05_S8_age_10,5,42005,S8,10,ref_effect_at_stale_hidden,0.7576461782340226,0.11793852705709418,1.9836171865463257
rep_05_S8_age_10,5,42005,S8,10,ref_effect_at_fresh_hidden,0.775591674434267,0.2358286434980345,1.969036877155304
rep_05_S8_age_10,5,42005,S8,10,hidden_ref_interaction,0.12300433187274792,0.13272645691690477,0.014580309391021729
rep_05_S8_age_11,5,42005,S8,11,hidden_effect_at_empty_ref,0.16289237467415493,0.1756063119949832,0.026683688163757324
rep_05_S8_age_11,5,42005,S8,11,hidden_effect_at_fresh_ref,0.02112469925079027,0.022816221944328103,0.0005390048027038574
rep_05_S8_age_11,5,42005,S8,11,ref_effect_at_stale_hidden,0.10110208081455706,0.10902999945184666,0.01503896713256836
rep_05_S8_age_11,5,42005,S8,11,ref_effect_at_fresh_hidden,0.2631347505071264,0.283720280500341,0.041183650493621826
rep_05_S8_age_11,5,42005,S8,11,hidden_ref_interaction,0.17426051815068766,0.1879199975321827,0.026144683361053467
rep_05_S12_age_08,5,42005,S12,8,hidden_effect_at_empty_ref,0.7477590028241287,0.10058438743288647,1.9629827737808228
rep_05_S12_age_08,5,42005,S12,8,hidden_effect_at_fresh_ref,0.014927510451245664,0.016123554084549407,0.0
rep_05_S12_age_08,5,42005,S12,8,ref_effect_at_stale_hidden,0.11988126963815524,0.1293755082278099,0.013133883476257324
rep_05_S12_age_08,5,42005,S12,8,ref_effect_at_fresh_hidden,0.7650503078818633,0.17892119868908835,1.97611665725708
rep_05_S12_age_08,5,42005,S12,8,hidden_ref_interaction,0.7466545915906956,0.09050799581991471,1.9629827737808228
rep_05_S12_age_09,5,42005,S12,9,hidden_effect_at_empty_ref,0.7501067851719461,0.10849466707528575,1.9667218327522278
rep_05_S12_age_09,5,42005,S12,9,hidden_effect_at_fresh_ref,0.01719366952985012,0.018571285646179134,0.0
rep_05_S12_age_09,5,42005,S12,9,ref_effect_at_stale_hidden,0.09202168878542832,0.09925027234087028,0.01312398910522461
rep_05_S12_age_09,5,42005,S12,9,ref_effect_at_fresh_hidden,0.7651227564098205,0.1722886861765836,1.9798458218574524
rep_05_S12_age_09,5,42005,S12,9,hidden_ref_interaction,0.7490542588345324,0.0996503983290021,1.9667218327522278
rep_05_S12_age_10,5,42005,S12,10,hidden_effect_at_empty_ref,0.06131918715311611,0.0661887065085653,0.005884706974029541
rep_05_S12_age_10,5,42005,S12,10,hidden_effect_at_fresh_ref,0.015765970031384524,0.01702815964300459,0.0004597306251525879
rep_05_S12_age_10,5,42005,S12,10,ref_effect_at_stale_hidden,0.14380952052723892,0.15524635920155855,0.012635469436645508
rep_05_S12_age_10,5,42005,S12,10,ref_effect_at_fresh_hidden,0.19324881971170252,0.20871182406578134,0.007210493087768555
rep_05_S12_age_10,5,42005,S12,10,hidden_ref_interaction,0.05578344339388026,0.060212287685269344,0.005424976348876953
rep_05_S12_age_11,5,42005,S12,11,hidden_effect_at_empty_ref,0.7505727962810976,0.12121861777810791,1.9635052680969238
rep_05_S12_age_11,5,42005,S12,11,hidden_effect_at_fresh_ref,0.018534641960590455,0.02001969726000575,3.159046173095703e-05
rep_05_S12_age_11,5,42005,S12,11,ref_effect_at_stale_hidden,0.08860086899347965,0.09554984751359828,0.013120889663696289
rep_05_S12_age_11,5,42005,S12,11,ref_effect_at_fresh_hidden,0.7633097783657565,0.16909890634673927,1.9765945672988892
rep_05_S12_age_11,5,42005,S12,11,hidden_ref_interaction,0.749283833292383,0.1116206052266818,1.9634736776351929
rep_06_S8_age_08,6,42006,S8,8,hidden_effect_at_empty_ref,0.02599479135588139,0.028048945260960127,0.0031055212020874023
rep_06_S8_age_08,6,42006,S8,8,hidden_effect_at_fresh_ref,0.020423112884591182,0.02205948314322467,0.0
rep_06_S8_age_08,6,42006,S8,8,ref_effect_at_stale_hidden,0.7608496012782976,0.13925783573773934,1.9839073419570923
rep_06_S8_age_08,6,42006,S8,8,ref_effect_at_fresh_hidden,0.7596032734299143,0.13868674409843296,1.9808018207550049
rep_06_S8_age_08,6,42006,S8,8,hidden_ref_interaction,0.03633146837748669,0.0392219855423664,0.0031055212020874023
rep_06_S8_age_09,6,42006,S8,9,hidden_effect_at_empty_ref,0.1502810064500162,0.16187788211295806,0.029393434524536133
rep_06_S8_age_09,6,42006,S8,9,hidden_effect_at_fresh_ref,0.023355926549923398,0.025225655085446788,0.000702202320098877
rep_06_S8_age_09,6,42006,S8,9,ref_effect_at_stale_hidden,0.11528883720475541,0.12439252201612407,0.014128506183624268
rep_06_S8_age_09,6,42006,S8,9,ref_effect_at_fresh_hidden,0.2597177360066825,0.27998201929750055,0.04281973838806152
rep_06_S8_age_09,6,42006,S8,9,hidden_ref_interaction,0.15605114123050404,0.16814702096181092,0.028691232204437256
rep_06_S8_age_10,6,42006,S8,10,hidden_effect_at_empty_ref,0.1328577427093177,0.14312860998042143,0.025366604328155518
rep_06_S8_age_10,6,42006,S8,10,hidden_effect_at_fresh_ref,0.02070346405042987,0.02235765798903449,0.0011156797409057617
rep_06_S8_age_10,6,42006,S8,10,ref_effect_at_stale_hidden,0.10279834460634302,0.1108663410130597,0.014980792999267578
rep_06_S8_age_10,6,42006,S8,10,ref_effect_at_fresh_hidden,0.23394584344309766,0.25218230045786594,0.039231717586517334
rep_06_S8_age_10,6,42006,S8,10,hidden_ref_interaction,0.1419066482648593,0.1529566226140759,0.024250924587249756
rep_06_S8_age_11,6,42006,S8,11,hidden_effect_at_empty_ref,0.17542413893341555,0.18912397062845196,0.028427839279174805
rep_06_S8_age_11,6,42006,S8,11,hidden_effect_at_fresh_ref,0.030514170281659526,0.03295837065503141,0.0005262494087219238
rep_06_S8_age_11,6,42006,S8,11,ref_effect_at_stale_hidden,0.09310677945327163,0.10037966948237728,0.015021264553070068
rep_06_S8_age_11,6,42006,S8,11,ref_effect_at_fresh_hidden,0.26618141086552083,0.2869742825297102,0.04292285442352295
rep_06_S8_age_11,6,42006,S8,11,hidden_ref_interaction,0.19423514505631925,0.209488481110556,0.02790158987045288
rep_06_S12_age_08,6,42006,S12,8,hidden_effect_at_empty_ref,0.7494629465793415,0.10100716344006098,1.967396318912506
rep_06_S12_age_08,6,42006,S12,8,hidden_effect_at_fresh_ref,0.01289302891786914,0.01392605113607249,4.4286251068115234e-05
rep_06_S12_age_08,6,42006,S12,8,ref_effect_at_stale_hidden,0.120021759366122,0.12952762319355693,0.013119757175445557
rep_06_S12_age_08,6,42006,S12,8,ref_effect_at_fresh_hidden,0.7663668364567723,0.1772980293539941,1.9805603623390198
rep_06_S12_age_08,6,42006,S12,8,hidden_ref_interaction,0.7483152228413067,0.09037622687579373,1.9674406051635742
rep_06_S12_age_09,6,42006,S12,9,hidden_effect_at_empty_ref,0.7580296134143408,0.1659025363579655,1.963955283164978
rep_06_S12_age_09,6,42006,S12,9,hidden_effect_at_fresh_ref,0.016497067393606863,0.017818869343687548,0.0
rep_06_S12_age_09,6,42006,S12,9,ref_effect_at_stale_hidden,0.13846668508074655,0.14946474074780564,0.013149440288543701
rep_06_S12_age_09,6,42006,S12,9,ref_effect_at_fresh_hidden,0.7898095281650189,0.27617945493209123,1.9771047234535217
rep_06_S12_age_09,6,42006,S12,9,hidden_ref_interaction,0.7562913071595386,0.1563731832955794,1.963955283164978
rep_06_S12_age_10,6,42006,S12,10,hidden_effect_at_empty_ref,0.7479117936232978,0.07808008607628249,1.9695241451263428
rep_06_S12_age_10,6,42006,S12,10,hidden_effect_at_fresh_ref,0.015653132934092987,0.016906833848942267,0.0003127455711364746
rep_06_S12_age_10,6,42006,S12,10,ref_effect_at_stale_hidden,0.1085579516692136,0.11713929373739775,0.012810826301574707
rep_06_S12_age_10,6,42006,S12,10,ref_effect_at_fresh_hidden,0.7594273184382703,0.13305199122325134,1.982647716999054
rep_06_S12_age_10,6,42006,S12,10,hidden_ref_interaction,0.747269884685338,0.0690755479538588,1.9698368906974792
rep_06_S12_age_11,6,42006,S12,11,hidden_effect_at_empty_ref,0.752410124733206,0.1262794978559601,1.966511607170105
rep_06_S12_age_11,6,42006,S12,11,hidden_effect_at_fresh_ref,0.02228325342777216,0.02406866456371658,0.0
rep_06_S12_age_11,6,42006,S12,11,ref_effect_at_stale_hidden,0.11844844106768074,0.12782650427330802,0.01313549280166626
rep_06_S12_age_11,6,42006,S12,11,ref_effect_at_fresh_hidden,0.7729526632474717,0.20943897158952662,1.9796470999717712
rep_06_S12_age_11,6,42006,S12,11,hidden_ref_interaction,0.7517250579126932,0.12142627236458048,1.966511607170105
rep_07_S8_age_08,7,42007,S8,8,hidden_effect_at_empty_ref,0.04139394668184325,0.04468609020302878,0.003623783588409424
rep_07_S8_age_08,7,42007,S8,8,hidden_effect_at_fresh_ref,0.02157662106737144,0.02330541438090642,0.0
rep_07_S8_age_08,7,42007,S8,8,ref_effect_at_stale_hidden,0.7608746308268406,0.13941587689218923,1.98390793800354
rep_07_S8_age_08,7,42007,S8,8,ref_effect_at_fresh_hidden,0.7631463003160037,0.16084184653170971,1.9802841544151306
rep_07_S8_age_08,7,42007,S8,8,hidden_ref_interaction,0.04942491110821653,0.0533645029629405,0.003623783588409424
rep_07_S8_age_09,7,42007,S8,9,hidden_effect_at_empty_ref,0.13600735385596838,0.146617662724713,0.02248483896255493
rep_07_S8_age_09,7,42007,S8,9,hidden_effect_at_fresh_ref,0.02163349513010103,0.023366615888918734,0.0002536773681640625
rep_07_S8_age_09,7,42007,S8,9,ref_effect_at_stale_hidden,0.7585332239775581,0.12548709041281364,1.9832111597061157
rep_07_S8_age_09,7,42007,S8,9,ref_effect_at_fresh_hidden,0.7660470083120705,0.20989804953190902,1.9604726433753967
rep_07_S8_age_09,7,42007,S8,9,hidden_ref_interaction,0.1315916506715452,0.14183176510706355,0.022738516330718994
rep_07_S8_age_10,7,42007,S8,10,hidden_effect_at_empty_ref,0.1431458813992171,0.1543431348172034,0.02245849370956421
rep_07_S8_age_10,7,42007,S8,10,hidden_effect_at_fresh_ref,0.020833748359784316,0.02249990258959148,0.0009174942970275879
rep_07_S8_age_10,7,42007,S8,10,ref_effect_at_stale_hidden,0.10213485780459633,0.11015197092558096,0.014831185340881348
rep_07_S8_age_10,7,42007,S8,10,ref_effect_at_fresh_hidden,0.23756247462393942,0.25616679775178136,0.03637218475341797
rep_07_S8_age_10,7,42007,S8,10,hidden_ref_interaction,0.15329098291719212,0.16533948079146196,0.02154099941253662
rep_07_S8_age_11,7,42007,S8,11,hidden_effect_at_empty_ref,0.17281049607945304,0.18637872572848463,0.024941861629486084
rep_07_S8_age_11,7,42007,S8,11,hidden_effect_at_fresh_ref,0.020063597785428613,0.021666102072185466,0.0011470913887023926
rep_07_S8_age_11,7,42007,S8,11,ref_effect_at_stale_hidden,0.10616340864972754,0.11449095924567124,0.015671849250793457
rep_07_S8_age_11,7,42007,S8,11,ref_effect_at_fresh_hidden,0.2699083452791404,0.29108875791448124,0.03946661949157715
rep_07_S8_age_11,7,42007,S8,11,hidden_ref_interaction,0.1885790630298516,0.20345689551749677,0.02379477024078369
rep_07_S12_age_08,7,42007,S12,8,hidden_effect_at_empty_ref,0.7520386218070153,0.11970068700809952,1.9679850339889526
rep_07_S12_age_08,7,42007,S12,8,hidden_effect_at_fresh_ref,0.015040787700984272,0.016245198125665383,0.0003718733787536621
rep_07_S12_age_08,7,42007,S12,8,ref_effect_at_stale_hidden,0.12028197446031243,0.12981460346850004,0.01277834177017212
rep_07_S12_age_08,7,42007,S12,8,ref_effect_at_fresh_hidden,0.7738063784542233,0.2107673693824867,1.9811352491378784
rep_07_S12_age_08,7,42007,S12,8,hidden_ref_interaction,0.7507723324655214,0.10892256545200252,1.9683569073677063
rep_07_S12_age_09,7,42007,S12,9,hidden_effect_at_empty_ref,0.7547147730726246,0.1415139280073677,1.9664698243141174
rep_07_S12_age_09,7,42007,S12,9,hidden_effect_at_fresh_ref,0.014378337799371426,0.015530379825307085,0.0
rep_07_S12_age_09,7,42007,S12,9,ref_effect_at_stale_hidden,0.09761826537858356,0.10530315067505978,0.013143777847290039
rep_07_S12_age_09,7,42007,S12,9,ref_effect_at_fresh_hidden,0.7754120727828004,0.21983977667791363,1.9796136021614075
rep_07_S12_age_09,7,42007,S12,9,hidden_ref_interaction,0.753869157426922,0.13615394210172865,1.9664698243141174
rep_07_S12_age_10,7,42007,S12,10,hidden_effect_at_empty_ref,0.7524589666908668,0.12251096591853612,1.9680721163749695
rep_07_S12_age_10,7,42007,S12,10,hidden_effect_at_fresh_ref,0.019154250449677553,0.020688923981714884,8.785724639892578e-05
rep_07_S12_age_10,7,42007,S12,10,ref_effect_at_stale_hidden,0.11137097273667224,0.12017612413234338,0.013063311576843262
rep_07_S12_age_10,7,42007,S12,10,ref_effect_at_fresh_hidden,0.7700237571359294,0.1937826961936728,1.9812232851982117
rep_07_S12_age_10,7,42007,S12,10,hidden_ref_interaction,0.7512866024111596,0.11355412143721123,1.9681599736213684
rep_07_S12_age_11,7,42007,S12,11,hidden_effect_at_empty_ref,0.7483897270731807,0.12231750145048703,1.9572533965110779
rep_07_S12_age_11,7,42007,S12,11,hidden_effect_at_fresh_ref,0.013276857274968456,0.01434046643513398,0.00017523765563964844
rep_07_S12_age_11,7,42007,S12,11,ref_effect_at_stale_hidden,0.11911179424969162,0.1285557053367131,0.012406468391418457
rep_07_S12_age_11,7,42007,S12,11,ref_effect_at_fresh_hidden,0.7678651786302129,0.20292371169129797,1.969835102558136
rep_07_S12_age_11,7,42007,S12,11,hidden_ref_interaction,0.747885648607525,0.11818329400829596,1.9574286341667175
rep_08_S8_age_08,8,42008,S8,8,hidden_effect_at_empty_ref,0.058465381588674904,0.06312046512361234,0.004716694355010986
rep_08_S8_age_08,8,42008,S8,8,hidden_effect_at_fresh_ref,0.028507763547556908,0.030791903907206684,0.0
rep_08_S8_age_08,8,42008,S8,8,ref_effect_at_stale_hidden,0.762586647014102,0.14993105329529807,1.983908474445343
rep_08_S8_age_08,8,42008,S8,8,ref_effect_at_fresh_hidden,0.7646066035575402,0.1708618862558515,1.979191780090332
rep_08_S8_age_08,8,42008,S8,8,hidden_ref_interaction,0.06876383902425724,0.07424846990100105,0.004716694355010986
rep_08_S8_age_09,8,42008,S8,9,hidden_effect_at_empty_ref,0.08694319691587936,0.09368451841671831,0.015909194946289062
rep_08_S8_age_09,8,42008,S8,9,hidden_effect_at_fresh_ref,0.02514547810115658,0.027158319746355804,0.0007870793342590332
rep_08_S8_age_09,8,42008,S8,9,ref_effect_at_stale_hidden,0.1275383031935551,0.13763055627379275,0.01446068286895752
rep_08_S8_age_09,8,42008,S8,9,ref_effect_at_fresh_hidden,0.1971542403613124,0.21260817618377878,0.02958279848098755
rep_08_S8_age_09,8,42008,S8,9,hidden_ref_interaction,0.10010820360024093,0.10795283585582442,0.01512211561203003
rep_08_S8_age_10,8,42008,S8,10,hidden_effect_at_empty_ref,0.16546860336508404,0.17851948616964824,0.021065831184387207
rep_08_S8_age_10,8,42008,S8,10,hidden_effect_at_fresh_ref,0.017735676391872734,0.019152286117238626,0.001009523868560791
rep_08_S8_age_10,8,42008,S8,10,ref_effect_at_stale_hidden,0.11437178814118414,0.12337287886812097,0.015528619289398193
rep_08_S8_age_10,8,42008,S8,10,ref_effect_at_fresh_hidden,0.2599904770429543,0.2804457909797844,0.03558492660522461
rep_08_S8_age_10,8,42008,S8,10,hidden_ref_interaction,0.17893491607071793,0.1930982797530389,0.020056307315826416
rep_08_S8_age_11,8,42008,S8,11,hidden_effect_at_empty_ref,0.13577457403445337,0.14639127745328828,0.021464109420776367
rep_08_S8_age_11,8,42008,S8,11,hidden_effect_at_fresh_ref,0.023453082806514508,0.025323785902326375,0.0016015172004699707
rep_08_S8_age_11,8,42008,S8,11,ref_effect_at_stale_hidden,0.08899073004572551,0.0958993339220593,0.015979886054992676
rep_08_S8_age_11,8,42008,S8,11,ref_effect_at_fresh_hidden,0.19509446174057885,0.2102174508154227,0.03584247827529907
rep_08_S8_age_11,8,42008,S8,11,hidden_ref_interaction,0.14095528375498376,0.15203301262084812,0.019862592220306396
rep_08_S12_age_08,8,42008,S12,8,hidden_effect_at_empty_ref,0.7520391188061829,0.12053870130033467,1.9676794409751892
rep_08_S12_age_08,8,42008,S12,8,hidden_effect_at_fresh_ref,0.014872548759338262,0.016063519645796144,0.0003591179847717285
rep_08_S12_age_08,8,42008,S12,8,ref_effect_at_stale_hidden,0.12023474203765408,0.12976328603038897,0.012794137001037598
rep_08_S12_age_08,8,42008,S12,8,ref_effect_at_fresh_hidden,0.7741274148703673,0.21260864351707634,1.9808326959609985
rep_08_S12_age_08,8,42008,S12,8,hidden_ref_interaction,0.7507695987938797,0.1098553319587953,1.968038558959961
rep_08_S12_age_09,8,42008,S12,9,hidden_effect_at_empty_ref,0.7535125452613428,0.12962965860654174,1.9681577682495117
rep_08_S12_age_09,8,42008,S12,9,hidden_effect_at_fresh_ref,0.015493935137251568,0.01673536267041297,0.0
rep_08_S12_age_09,8,42008,S12,9,ref_effect_at_stale_hidden,0.09668253948368251,0.1042915249779407,0.013124823570251465
rep_08_S12_age_09,8,42008,S12,9,ref_effect_at_fresh_hidden,0.7723611289518909,0.20425118765988326,1.9812825918197632
rep_08_S12_age_09,8,42008,S12,9,hidden_ref_interaction,0.7525553506077713,0.12297146645855239,1.9681577682495117
rep_08_S12_age_10,8,42008,S12,10,hidden_effect_at_empty_ref,0.08777988832516405,0.09481311579228763,1.7881393432617188e-06
rep_08_S12_age_10,8,42008,S12,10,hidden_effect_at_fresh_ref,0.013099079112409642,0.014147715412555436,0.0003924369812011719
rep_08_S12_age_10,8,42008,S12,10,ref_effect_at_stale_hidden,0.14351567554020697,0.15492927297876213,0.012600243091583252
rep_08_S12_age_10,8,42008,S12,10,ref_effect_at_fresh_hidden,0.22180267034991863,0.23951552344137209,0.012994468212127686
rep_08_S12_age_10,8,42008,S12,10,hidden_ref_interaction,0.08601615749674546,0.09290792937104343,0.0003942251205444336
rep_08_S12_age_11,8,42008,S12,11,hidden_effect_at_empty_ref,0.7495903925553995,0.11779258876771485,1.9621288776397705
rep_08_S12_age_11,8,42008,S12,11,hidden_effect_at_fresh_ref,0.012954131801634997,0.013992061529899244,0.0
rep_08_S12_age_11,8,42008,S12,11,ref_effect_at_stale_hidden,0.11893177070376881,0.1283492702810323,0.013120651245117188
rep_08_S12_age_11,8,42008,S12,11,ref_effect_at_fresh_hidden,0.7678009128155151,0.19365647879789488,1.9752495288848877
rep_08_S12_age_11,8,42008,S12,11,hidden_ref_interaction,0.7484391795818577,0.10891794026103939,1.9621288776397705
rep_09_S8_age_08,9,42009,S8,8,hidden_effect_at_empty_ref,0.0644198793393753,0.06955469153349289,0.004723906517028809
rep_09_S8_age_08,9,42009,S8,8,hidden_effect_at_fresh_ref,0.014081464927285849,0.01520972047457738,0.0
rep_09_S8_age_08,9,42009,S8,8,ref_effect_at_stale_hidden,0.7608067427645833,0.138977579345299,1.9839102029800415
rep_09_S8_age_08,9,42009,S8,8,ref_effect_at_fresh_hidden,0.7652630503094652,0.17426720722100528,1.9791862964630127
rep_09_S8_age_08,9,42009,S8,8,hidden_ref_interaction,0.05999776732699684,0.06477629362761957,0.004723906517028809
rep_09_S8_age_09,9,42009,S8,9,hidden_effect_at_empty_ref,0.1290526906125913,0.13916957527243182,0.019317209720611572
rep_09_S8_age_09,9,42009,S8,9,hidden_effect_at_fresh_ref,0.02528693534708401,0.02730438435679495,0.0016814470291137695
rep_09_S8_age_09,9,42009,S8,9,ref_effect_at_stale_hidden,0.11531790885052065,0.12440247493598967,0.015221238136291504
rep_09_S8_age_09,9,42009,S8,9,ref_effect_at_fresh_hidden,0.23383168721121547,0.25221063389718146,0.03285700082778931
rep_09_S8_age_09,9,42009,S8,9,hidden_ref_interaction,0.14424957133566066,0.15564090705206762,0.017635762691497803
rep_09_S8_age_10,9,42009,S8,10,hidden_effect_at_empty_ref,0.13081574995322945,0.14096684144244456,0.023652076721191406
rep_09_S8_age_10,9,42009,S8,10,hidden_effect_at_fresh_ref,0.02099488477971526,0.022672149743622184,0.0011567473411560059
rep_09_S8_age_10,9,42009,S8,10,ref_effect_at_stale_hidden,0.10271951191781692,0.11077926963243015,0.015060126781463623
rep_09_S8_age_10,9,42009,S8,10,ref_effect_at_fresh_hidden,0.23040897516363412,0.2483974163057374,0.03755545616149902
rep_09_S8_age_10,9,42009,S8,10,hidden_ref_interaction,0.14030279338957402,0.15126581294006158,0.0224953293800354
rep_09_S8_age_11,9,42009,S8,11,hidden_effect_at_empty_ref,0.2231616958992008,0.24060289208790972,0.035629868507385254
rep_09_S8_age_11,9,42009,S8,11,hidden_effect_at_fresh_ref,0.0421049308208255,0.045478295596996045,0.0003523826599121094
rep_09_S8_age_11,9,42009,S8,11,ref_effect_at_stale_hidden,0.17229761713603106,0.18600885604872971,0.014474630355834961
rep_09_S8_age_11,9,42009,S8,11,ref_effect_at_fresh_hidden,0.4050075477310096,0.4369863695370247,0.049752116203308105
rep_09_S8_age_11,9,42009,S8,11,hidden_ref_interaction,0.2519527885774352,0.271758763334905,0.035277485847473145
rep_09_S12_age_08,9,42009,S12,8,hidden_effect_at_empty_ref,0.7475585106855996,0.07925720738534756,1.9683027863502502
rep_09_S12_age_08,9,42009,S12,8,hidden_effect_at_fresh_ref,0.0196763193385915,0.021252853922079925,0.0
rep_09_S12_age_08,9,42009,S12,8,ref_effect_at_stale_hidden,0.13191588900032197,0.14238416848902968,0.013156890869140625
rep_09_S12_age_08,9,42009,S12,8,ref_effect_at_fresh_hidden,0.763975748496493,0.16300826031680332,1.9814596772193909
rep_09_S12_age_08,9,42009,S12,8,hidden_ref_interaction,0.7463531170277369,0.06465932302585653,1.9683027863502502
rep_09_S12_age_09,9,42009,S12,9,hidden_effect_at_empty_ref,0.7575026088236989,0.1594852449960743,1.965720772743225
rep_09_S12_age_09,9,42009,S12,9,hidden_effect_at_fresh_ref,0.020346969031697405,0.021977235856461556,2.580881118774414e-05
rep_09_S12_age_09,9,42009,S12,9,ref_effect_at_stale_hidden,0.1036437522365248,0.11181968201535143,0.01312798261642456
rep_09_S12_age_09,9,42009,S12,9,ref_effect_at_fresh_hidden,0.777848276752499,0.23072026742555019,1.9788745641708374
rep_09_S12_age_09,9,42009,S12,9,hidden_ref_interaction,0.756636454934139,0.1545592937215623,1.9657465815544128
rep_09_S12_age_10,9,42009,S12,10,hidden_effect_at_empty_ref,0.7567762444775162,0.15899809396681716,1.9639983773231506
rep_09_S12_age_10,9,42009,S12,10,hidden_effect_at_fresh_ref,0.020284401066167128,0.021909657255389514,0.0
rep_09_S12_age_10,9,42009,S12,10,ref_effect_at_stale_hidden,0.11059861570059422,0.11933946458047011,0.013150274753570557
rep_09_S12_age_10,9,42009,S12,10,ref_effect_at_fresh_hidden,0.7819543322265327,0.24868026707873395,1.9771486520767212
rep_09_S12_age_10,9,42009,S12,10,hidden_ref_interaction,0.7554970569543853,0.1517349637466567,1.9639983773231506
rep_09_S12_age_11,9,42009,S12,11,hidden_effect_at_empty_ref,0.7524577668867913,0.13180383623011455,1.9644631147384644
rep_09_S12_age_11,9,42009,S12,11,hidden_effect_at_fresh_ref,0.01263461805668282,0.013646873633657968,0.00010979175567626953
rep_09_S12_age_11,9,42009,S12,11,ref_effect_at_stale_hidden,0.11994343419638212,0.1294448358230681,0.013007640838623047
rep_09_S12_age_11,9,42009,S12,11,ref_effect_at_fresh_hidden,0.7747504917606174,0.22016790948208764,1.9775805473327637
rep_09_S12_age_11,9,42009,S12,11,hidden_ref_interaction,0.7523006457067619,0.13047804782468245,1.9645729064941406
