observation_id,replicate,trial_seed,state,age,condition,first_action_delta_rms,first_action_delta_ee6_rms,first_action_delta_gripper_abs,gripper_sign_changed
rep_00_S8_age_08,0,42000,S8,8,stale_hidden_empty_ref,0.0,0.0,0.0,0
rep_00_S8_age_08,0,42000,S8,8,fresh_hidden_empty_ref,0.7496582168984762,0.10150968885858455,1.9677618741989136,1
rep_00_S8_age_08,0,42000,S8,8,stale_hidden_fresh_ref,0.7670479296477009,0.17447147577611108,1.983909249305725,1
rep_00_S8_age_08,0,42000,S8,8,fresh_hidden_fresh_ref,0.7678259427690343,0.17841937452870585,1.983909249305725,1
rep_00_S8_age_09,0,42000,S8,9,stale_hidden_empty_ref,0.0,0.0,0.0,0
rep_00_S8_age_09,0,42000,S8,9,fresh_hidden_empty_ref,0.14540278074443805,0.15673710091163598,0.024385809898376465,0
rep_00_S8_age_09,0,42000,S8,9,stale_hidden_fresh_ref,0.11826938278252576,0.12760762504858117,0.014535903930664062,0
rep_00_S8_age_09,0,42000,S8,9,fresh_hidden_fresh_ref,0.1226162806767908,0.13230942859489148,0.014441490173339844,0
rep_00_S8_age_10,0,42000,S8,10,stale_hidden_empty_ref,0.0,0.0,0.0,0
rep_00_S8_age_10,0,42000,S8,10,fresh_hidden_empty_ref,0.14912769490245134,0.16076165506300558,0.024650096893310547,0
rep_00_S8_age_10,0,42000,S8,10,stale_hidden_fresh_ref,0.10350257883320663,0.11162135591777601,0.015281498432159424,0
rep_00_S8_age_10,0,42000,S8,10,fresh_hidden_fresh_ref,0.11449588458036936,0.12352177293543652,0.014811575412750244,0
rep_00_S8_age_11,0,42000,S8,11,stale_hidden_empty_ref,0.0,0.0,0.0,0
rep_00_S8_age_11,0,42000,S8,11,fresh_hidden_empty_ref,0.146237342822178,0.15775581362045585,0.019394397735595703,0
rep_00_S8_age_11,0,42000,S8,11,stale_hidden_fresh_ref,0.09505807488002466,0.1024697756399074,0.015872418880462646,0
rep_00_S8_age_11,0,42000,S8,11,fresh_hidden_fresh_ref,0.10047378017050816,0.10834531230224674,0.015251994132995605,0
rep_00_S12_age_08,0,42000,S12,8,stale_hidden_empty_ref,0.0,0.0,0.0,0
rep_00_S12_age_08,0,42000,S12,8,fresh_hidden_empty_ref,0.7491271474915997,0.0965095782528202,1.9678556323051453,1
rep_00_S12_age_08,0,42000,S12,8,stale_hidden_fresh_ref,0.12142903388500757,0.13105006520095994,0.013051986694335938,0
rep_00_S12_age_08,0,42000,S12,8,fresh_hidden_fresh_ref,0.11578970340151935,0.1249517079256332,0.013161003589630127,0
rep_00_S12_age_09,0,42000,S12,9,stale_hidden_empty_ref,0.0,0.0,0.0,0
rep_00_S12_age_09,0,42000,S12,9,fresh_hidden_empty_ref,0.7477036404934055,0.08708839622517345,1.9667025208473206,1
rep_00_S12_age_09,0,42000,S12,9,stale_hidden_fresh_ref,0.148386810904545,0.1601861983997512,0.013145744800567627,0
rep_00_S12_age_09,0,42000,S12,9,fresh_hidden_fresh_ref,0.1476656613169222,0.15940682864857983,0.013145744800567627,0
rep_00_S12_age_10,0,42000,S12,10,stale_hidden_empty_ref,0.0,0.0,0.0,0
rep_00_S12_age_10,0,42000,S12,10,fresh_hidden_empty_ref,0.7489075851575397,0.09354142062223735,1.9681305885314941,1
rep_00_S12_age_10,0,42000,S12,10,stale_hidden_fresh_ref,0.12097943089607864,0.13056260098383798,0.0131378173828125,0
rep_00_S12_age_10,0,42000,S12,10,fresh_hidden_fresh_ref,0.11511967140702528,0.12422772702342944,0.0131378173828125,0
rep_00_S12_age_11,0,42000,S12,11,stale_hidden_empty_ref,0.0,0.0,0.0,0
rep_00_S12_age_11,0,42000,S12,11,fresh_hidden_empty_ref,0.750934310684562,0.11458433882214576,1.9668601751327515,1
rep_00_S12_age_11,0,42000,S12,11,stale_hidden_fresh_ref,0.11447337198902553,0.12352903000559946,0.013135552406311035,0
rep_00_S12_age_11,0,42000,S12,11,fresh_hidden_fresh_ref,0.11264484928713943,0.1215521093738796,0.013135552406311035,0
rep_01_S8_age_08,1,42001,S8,8,stale_hidden_empty_ref,0.0,0.0,0.0,0
rep_01_S8_age_08,1,42001,S8,8,fresh_hidden_empty_ref,0.7518638362067361,0.10739415011368679,1.9717742204666138,1
rep_01_S8_age_08,1,42001,S8,8,stale_hidden_fresh_ref,0.764583314035647,0.16133973993585773,1.9839179515838623,1
rep_01_S8_age_08,1,42001,S8,8,fresh_hidden_fresh_ref,0.7646407298982292,0.16165688052083643,1.9839179515838623,1
rep_01_S8_age_09,1,42001,S8,9,stale_hidden_empty_ref,0.0,0.0,0.0,0
rep_01_S8_age_09,1,42001,S8,9,fresh_hidden_empty_ref,0.14101586357270413,0.15202486350980474,0.022999167442321777,0
rep_01_S8_age_09,1,42001,S8,9,stale_hidden_fresh_ref,0.11826664411534234,0.1276046015063027,0.014539182186126709,0
rep_01_S8_age_09,1,42001,S8,9,fresh_hidden_fresh_ref,0.12291735354727194,0.13263367452317723,0.014511406421661377,0
rep_01_S8_age_10,1,42001,S8,10,stale_hidden_empty_ref,0.0,0.0,0.0,0
rep_01_S8_age_10,1,42001,S8,10,fresh_hidden_empty_ref,0.11885682048244807,0.12813498167177031,0.019420742988586426,0
rep_01_S8_age_10,1,42001,S8,10,stale_hidden_fresh_ref,0.10225543104699991,0.11026269665410028,0.015685617923736572,0
rep_01_S8_age_10,1,42001,S8,10,fresh_hidden_fresh_ref,0.10925142455870691,0.11786427877001375,0.014113366603851318,0
rep_01_S8_age_11,1,42001,S8,11,stale_hidden_empty_ref,0.0,0.0,0.0,0
rep_01_S8_age_11,1,42001,S8,11,fresh_hidden_empty_ref,0.20514005708939678,0.22109966726484592,0.035591065883636475,0
rep_01_S8_age_11,1,42001,S8,11,stale_hidden_fresh_ref,0.1715653981000829,0.18520645245051576,0.015304267406463623,0
rep_01_S8_age_11,1,42001,S8,11,fresh_hidden_fresh_ref,0.2020647822859175,0.21818633428664894,0.013400554656982422,0
rep_01_S12_age_08,1,42001,S12,8,stale_hidden_empty_ref,0.0,0.0,0.0,0
rep_01_S12_age_08,1,42001,S12,8,fresh_hidden_empty_ref,0.7464893602101014,0.08671657355115762,1.963569700717926,1
rep_01_S12_age_08,1,42001,S12,8,stale_hidden_fresh_ref,0.12036757534281119,0.1299029094700392,0.013033688068389893,0
rep_01_S12_age_08,1,42001,S12,8,fresh_hidden_fresh_ref,0.11700581558583908,0.1262665722140573,0.013154566287994385,0
rep_01_S12_age_09,1,42001,S12,9,stale_hidden_empty_ref,0.0,0.0,0.0,0
rep_01_S12_age_09,1,42001,S12,9,fresh_hidden_empty_ref,0.08171675252152018,0.08815266090184617,0.010864794254302979,0
rep_01_S12_age_09,1,42001,S12,9,stale_hidden_fresh_ref,0.13183405275073876,0.14229559655734922,0.013164401054382324,0
rep_01_S12_age_09,1,42001,S12,9,fresh_hidden_fresh_ref,0.1289114891072751,0.1391365652347033,0.013164401054382324,0
rep_01_S12_age_10,1,42001,S12,10,stale_hidden_empty_ref,0.0,0.0,0.0,0
rep_01_S12_age_10,1,42001,S12,10,fresh_hidden_empty_ref,0.7495223303807823,0.11321777693642446,1.9635621905326843,1
rep_01_S12_age_10,1,42001,S12,10,stale_hidden_fresh_ref,0.1262471731709947,0.13626447667129685,0.012664735317230225,0
rep_01_S12_age_10,1,42001,S12,10,fresh_hidden_fresh_ref,0.12177773172868343,0.13142555811051615,0.013139545917510986,0
rep_01_S12_age_11,1,42001,S12,11,stale_hidden_empty_ref,0.0,0.0,0.0,0
rep_01_S12_age_11,1,42001,S12,11,fresh_hidden_empty_ref,0.7551848406054155,0.15395682762565518,1.962119460105896,1
rep_01_S12_age_11,1,42001,S12,11,stale_hidden_fresh_ref,0.09645034407331168,0.10404290729890747,0.013004720211029053,0
rep_01_S12_age_11,1,42001,S12,11,fresh_hidden_fresh_ref,0.08690496249266771,0.09371501120237863,0.013125836849212646,0
rep_02_S8_age_08,2,42002,S8,8,stale_hidden_empty_ref,0.0,0.0,0.0,0
rep_02_S8_age_08,2,42002,S8,8,fresh_hidden_empty_ref,0.09122010983385925,0.09848156506384995,0.007486462593078613,0
rep_02_S8_age_08,2,42002,S8,8,stale_hidden_fresh_ref,0.7636317266520685,0.15601313495484545,1.9839085936546326,1
rep_02_S8_age_08,2,42002,S8,8,fresh_hidden_fresh_ref,0.7627475080057204,0.15088241492735027,1.9839085936546326,1
rep_02_S8_age_09,2,42002,S8,9,stale_hidden_empty_ref,0.0,0.0,0.0,0
rep_02_S8_age_09,2,42002,S8,9,fresh_hidden_empty_ref,0.11274438938044834,0.1217298675188033,0.008373618125915527,0
rep_02_S8_age_09,2,42002,S8,9,stale_hidden_fresh_ref,0.14914115615527768,0.16098323814266555,0.014421284198760986,0
rep_02_S8_age_09,2,42002,S8,9,fresh_hidden_fresh_ref,0.15883327192707816,0.1714703049330811,0.013552308082580566,0
rep_02_S8_age_10,2,42002,S8,10,stale_hidden_empty_ref,0.0,0.0,0.0,0
rep_02_S8_age_10,2,42002,S8,10,fresh_hidden_empty_ref,0.15692222180477036,0.16928354618433875,0.020750224590301514,0
rep_02_S8_age_10,2,42002,S8,10,stale_hidden_fresh_ref,0.1073391360290228,0.11576207809051159,0.015706002712249756,0
rep_02_S8_age_10,2,42002,S8,10,fresh_hidden_fresh_ref,0.11208311174026596,0.12091729914133827,0.014574229717254639,0
rep_02_S8_age_11,2,42002,S8,11,stale_hidden_empty_ref,0.0,0.0,0.0,0
rep_02_S8_age_11,2,42002,S8,11,fresh_hidden_empty_ref,0.1804769845366852,0.19462681803439172,0.026944458484649658,0
rep_02_S8_age_11,2,42002,S8,11,stale_hidden_fresh_ref,0.1587917041565244,0.1714100482471693,0.014670014381408691,0
rep_02_S8_age_11,2,42002,S8,11,fresh_hidden_fresh_ref,0.18166171013067636,0.1961412800223543,0.013357698917388916,0
rep_02_S12_age_08,2,42002,S12,8,stale_hidden_empty_ref,0.0,0.0,0.0,0
rep_02_S12_age_08,2,42002,S12,8,fresh_hidden_empty_ref,0.7488377181787291,0.09859836318501543,1.9664627313613892,1
rep_02_S12_age_08,2,42002,S12,8,stale_hidden_fresh_ref,0.11998182045831644,0.1294855968656294,0.013051509857177734,0
rep_02_S12_age_08,2,42002,S12,8,fresh_hidden_fresh_ref,0.1167033511493173,0.12593939861817074,0.013164818286895752,0
rep_02_S12_age_09,2,42002,S12,9,stale_hidden_empty_ref,0.0,0.0,0.0,0
rep_02_S12_age_09,2,42002,S12,9,fresh_hidden_empty_ref,0.7504073896904503,0.10721995014271174,1.9679436087608337,1
rep_02_S12_age_09,2,42002,S12,9,stale_hidden_fresh_ref,0.12101079893899003,0.13059637695683382,0.013145804405212402,0
rep_02_S12_age_09,2,42002,S12,9,fresh_hidden_fresh_ref,0.1179096593092884,0.12724386176129618,0.013145804405212402,0
rep_02_S12_age_10,2,42002,S12,10,stale_hidden_empty_ref,0.0,0.0,0.0,0
rep_02_S12_age_10,2,42002,S12,10,fresh_hidden_empty_ref,0.7487930132440449,0.07781008358127424,1.9719306230545044,1
rep_02_S12_age_10,2,42002,S12,10,stale_hidden_fresh_ref,0.14330597904577594,0.15470253414096588,0.012608766555786133,0
rep_02_S12_age_10,2,42002,S12,10,fresh_hidden_fresh_ref,0.1370751643261122,0.14796128009304127,0.013113439083099365,0
rep_02_S12_age_11,2,42002,S12,11,stale_hidden_empty_ref,0.0,0.0,0.0,0
rep_02_S12_age_11,2,42002,S12,11,fresh_hidden_empty_ref,0.7472347553473507,0.08065100744526393,1.9671021699905396,1
rep_02_S12_age_11,2,42002,S12,11,stale_hidden_fresh_ref,0.10086582301574999,0.1088269830367954,0.012550950050354004,0
rep_02_S12_age_11,2,42002,S12,11,fresh_hidden_fresh_ref,0.09379529661954705,0.10116886080776007,0.013117671012878418,0
rep_03_S8_age_08,3,42003,S8,8,stale_hidden_empty_ref,0.0,0.0,0.0,0
rep_03_S8_age_08,3,42003,S8,8,fresh_hidden_empty_ref,0.09499370490840998,0.10251975249007153,0.0102386474609375,0
rep_03_S8_age_08,3,42003,S8,8,stale_hidden_fresh_ref,0.7600568956709405,0.13408138879584075,1.9839199781417847,1
rep_03_S8_age_08,3,42003,S8,8,fresh_hidden_fresh_ref,0.758948714752318,0.12654615870587085,1.9839199781417847,1
rep_03_S8_age_09,3,42003,S8,9,stale_hidden_empty_ref,0.0,0.0,0.0,0
rep_03_S8_age_09,3,42003,S8,9,fresh_hidden_empty_ref,0.13481776629501555,0.14545168777354398,0.017136216163635254,0
rep_03_S8_age_09,3,42003,S8,9,stale_hidden_fresh_ref,0.11485347449874243,0.12388706613918993,0.015849709510803223,0
rep_03_S8_age_09,3,42003,S8,9,fresh_hidden_fresh_ref,0.11608200328002173,0.12525839322476304,0.013683199882507324,0
rep_03_S8_age_10,3,42003,S8,10,stale_hidden_empty_ref,0.0,0.0,0.0,0
rep_03_S8_age_10,3,42003,S8,10,fresh_hidden_empty_ref,0.13731052261381294,0.14812659366423675,0.01817500591278076,0
rep_03_S8_age_10,3,42003,S8,10,stale_hidden_fresh_ref,0.10156810957698739,0.10951034676283204,0.016045868396759033,0
rep_03_S8_age_10,3,42003,S8,10,fresh_hidden_fresh_ref,0.10444468848729979,0.11265051415308612,0.01483309268951416,0
rep_03_S8_age_11,3,42003,S8,11,stale_hidden_empty_ref,0.0,0.0,0.0,0
rep_03_S8_age_11,3,42003,S8,11,fresh_hidden_empty_ref,0.16483659253581195,0.1776629155175311,0.028513967990875244,0
rep_03_S8_age_11,3,42003,S8,11,stale_hidden_fresh_ref,0.16396369911674707,0.17701385164144504,0.013610303401947021,0
rep_03_S8_age_11,3,42003,S8,11,fresh_hidden_fresh_ref,0.1901158304980603,0.20526294114050594,0.014524221420288086,0
rep_03_S12_age_08,3,42003,S12,8,stale_hidden_empty_ref,0.0,0.0,0.0,0
rep_03_S12_age_08,3,42003,S12,8,fresh_hidden_empty_ref,0.7561853370474586,0.15137935451221524,1.966016173362732,1
rep_03_S12_age_08,3,42003,S12,8,stale_hidden_fresh_ref,0.11881435229072025,0.12822160131045726,0.013163506984710693,0
rep_03_S12_age_08,3,42003,S12,8,fresh_hidden_fresh_ref,0.10947382615388838,0.1181230660323277,0.013163506984710693,0
rep_03_S12_age_09,3,42003,S12,9,stale_hidden_empty_ref,0.0,0.0,0.0,0
rep_03_S12_age_09,3,42003,S12,9,fresh_hidden_empty_ref,0.7499989306718519,0.09945678584135448,1.969299077987671,1
rep_03_S12_age_09,3,42003,S12,9,stale_hidden_fresh_ref,0.13235605923627533,0.1428601750677453,0.013141810894012451,0
rep_03_S12_age_09,3,42003,S12,9,fresh_hidden_fresh_ref,0.12882494548949283,0.13904337384968618,0.013141810894012451,0
rep_03_S12_age_10,3,42003,S12,10,stale_hidden_empty_ref,0.0,0.0,0.0,0
rep_03_S12_age_10,3,42003,S12,10,fresh_hidden_empty_ref,0.7500156232216394,0.09821829196257216,1.969716489315033,1
rep_03_S12_age_10,3,42003,S12,10,stale_hidden_fresh_ref,0.10294065511762135,0.11106512552090124,0.0128326416015625,0
rep_03_S12_age_10,3,42003,S12,10,fresh_hidden_fresh_ref,0.09095057941900025,0.09809183555760935,0.013115108013153076,0
rep_03_S12_age_11,3,42003,S12,11,stale_hidden_empty_ref,0.0,0.0,0.0,0
rep_03_S12_age_11,3,42003,S12,11,fresh_hidden_empty_ref,0.7482415755990731,0.08639367254122754,1.9683178067207336,1
rep_03_S12_age_11,3,42003,S12,11,stale_hidden_fresh_ref,0.12622014222373426,0.13622798256257057,0.013125956058502197,0
rep_03_S12_age_11,3,42003,S12,11,fresh_hidden_fresh_ref,0.12550259482719692,0.13545233997982906,0.013125956058502197,0
rep_04_S8_age_08,4,42004,S8,8,stale_hidden_empty_ref,0.0,0.0,0.0,0
rep_04_S8_age_08,4,42004,S8,8,fresh_hidden_empty_ref,0.7569640427895385,0.14176487431162688,1.9724041819572449,1
rep_04_S8_age_08,4,42004,S8,8,stale_hidden_fresh_ref,0.7606445544061873,0.13791394741987362,1.9839202165603638,1
rep_04_S8_age_08,4,42004,S8,8,fresh_hidden_fresh_ref,0.7588347313911532,0.12574552429507824,1.9839202165603638,1
rep_04_S8_age_09,4,42004,S8,9,stale_hidden_empty_ref,0.0,0.0,0.0,0
rep_04_S8_age_09,4,42004,S8,9,fresh_hidden_empty_ref,0.1301986425502902,0.14040193498210948,0.019636332988739014,0
rep_04_S8_age_09,4,42004,S8,9,stale_hidden_fresh_ref,0.11525670383689614,0.12433594157653811,0.015237987041473389,0
rep_04_S8_age_09,4,42004,S8,9,fresh_hidden_fresh_ref,0.11940856482797112,0.12885874238649683,0.013467907905578613,0
rep_04_S8_age_10,4,42004,S8,10,stale_hidden_empty_ref,0.0,0.0,0.0,0
rep_04_S8_age_10,4,42004,S8,10,fresh_hidden_empty_ref,0.19210858698954356,0.20705371936319855,0.03335428237915039,0
rep_04_S8_age_10,4,42004,S8,10,stale_hidden_fresh_ref,0.15589691817246595,0.16827984724298578,0.01477503776550293,0
rep_04_S8_age_10,4,42004,S8,10,fresh_hidden_fresh_ref,0.17774392665205696,0.19190082247834275,0.013956010341644287,0
rep_04_S8_age_11,4,42004,S8,11,stale_hidden_empty_ref,0.0,0.0,0.0,0
rep_04_S8_age_11,4,42004,S8,11,fresh_hidden_empty_ref,0.15580239514354396,0.16799002993220852,0.0244295597076416,0
rep_04_S8_age_11,4,42004,S8,11,stale_hidden_fresh_ref,0.09145836177092341,0.09858840103606872,0.015309691429138184,0
rep_04_S8_age_11,4,42004,S8,11,fresh_hidden_fresh_ref,0.09790045574713786,0.10556434506182442,0.015116512775421143,0
rep_04_S12_age_08,4,42004,S12,8,stale_hidden_empty_ref,0.0,0.0,0.0,0
rep_04_S12_age_08,4,42004,S12,8,fresh_hidden_empty_ref,0.7488767189139004,0.08948837567791934,1.969178855419159,1
rep_04_S12_age_08,4,42004,S12,8,stale_hidden_fresh_ref,0.11897976331757115,0.12840367768960778,0.012971580028533936,0
rep_04_S12_age_08,4,42004,S12,8,fresh_hidden_fresh_ref,0.11120338782956381,0.11999356347131966,0.01313859224319458,0
rep_04_S12_age_09,4,42004,S12,9,stale_hidden_empty_ref,0.0,0.0,0.0,0
rep_04_S12_age_09,4,42004,S12,9,fresh_hidden_empty_ref,0.08165625160367938,0.08819669134669385,0.0015052556991577148,0
rep_04_S12_age_09,4,42004,S12,9,stale_hidden_fresh_ref,0.1319332140537364,0.14240289958338279,0.013156592845916748,0
rep_04_S12_age_09,4,42004,S12,9,fresh_hidden_fresh_ref,0.12843441308699413,0.13862100208824257,0.013156592845916748,0
rep_04_S12_age_10,4,42004,S12,10,stale_hidden_empty_ref,0.0,0.0,0.0,0
rep_04_S12_age_10,4,42004,S12,10,fresh_hidden_empty_ref,0.7484353528954537,0.08424446753042723,1.96939218044281,1
rep_04_S12_age_10,4,42004,S12,10,stale_hidden_fresh_ref,0.10814833048722217,0.11670318371114657,0.012435078620910645,0
rep_04_S12_age_10,4,42004,S12,10,fresh_hidden_fresh_ref,0.09347844444279686,0.10082598543560517,0.013124823570251465,0
rep_04_S12_age_11,4,42004,S12,11,stale_hidden_empty_ref,0.0,0.0,0.0,0
rep_04_S12_age_11,4,42004,S12,11,fresh_hidden_empty_ref,0.7617340731649771,0.18869474928731028,1.9616414904594421,1
rep_04_S12_age_11,4,42004,S12,11,stale_hidden_fresh_ref,0.09725468978273112,0.10491428235445027,0.012933790683746338,0
rep_04_S12_age_11,4,42004,S12,11,fresh_hidden_fresh_ref,0.08835993769540408,0.09528928977161676,0.013117074966430664,0
rep_05_S8_age_08,5,42005,S8,8,stale_hidden_empty_ref,0.0,0.0,0.0,0
rep_05_S8_age_08,5,42005,S8,8,fresh_hidden_empty_ref,0.04008976372718309,0.043206216904917945,0.007047057151794434,0
rep_05_S8_age_08,5,42005,S8,8,stale_hidden_fresh_ref,0.7620660338000029,0.14678710744020396,1.9839187860488892,1
rep_05_S8_age_08,5,42005,S8,8,fresh_hidden_fresh_ref,0.7610945209077218,0.14078372221992605,1.9839187860488892,1
rep_05_S8_age_09,5,42005,S8,9,stale_hidden_empty_ref,0.0,0.0,0.0,0
rep_05_S8_age_09,5,42005,S8,9,fresh_hidden_empty_ref,0.7493742066947894,0.09833542401964454,1.9679717421531677,1
rep_05_S8_age_09,5,42005,S8,9,stale_hidden_fresh_ref,0.7623724869541073,0.14891235329606042,1.9837926626205444,1
rep_05_S8_age_09,5,42005,S8,9,fresh_hidden_fresh_ref,0.761461136671907,0.1431271905760901,1.9838974475860596,1
rep_05_S8_age_10,5,42005,S8,10,stale_hidden_empty_ref,0.0,0.0,0.0,0
rep_05_S8_age_10,5,42005,S8,10,fresh_hidden_empty_ref,0.1264020106454645,0.13640670519543266,0.014196574687957764,0
rep_05_S8_age_10,5,42005,S8,10,stale_hidden_fresh_ref,0.7576461782340226,0.11793852705709418,1.9836171865463257,1
rep_05_S8_age_10,5,42005,S8,10,fresh_hidden_fresh_ref,0.7569014300674393,0.11334570963561309,1.9832334518432617,1
rep_05_S8_age_11,5,42005,S8,11,stale_hidden_empty_ref,0.0,0.0,0.0,0
rep_05_S8_age_11,5,42005,S8,11,fresh_hidden_empty_ref,0.16289237467415493,0.1756063119949832,0.026683688163757324,0
rep_05_S8_age_11,5,42005,S8,11,stale_hidden_fresh_ref,0.10110208081455706,0.10902999945184666,0.01503896713256836,0
rep_05_S8_age_11,5,42005,S8,11,fresh_hidden_fresh_ref,0.10767756679182712,0.11615432250809785,0.014499962329864502,0
rep_05_S12_age_08,5,42005,S12,8,stale_hidden_empty_ref,0.0,0.0,0.0,0
rep_05_S12_age_08,5,42005,S12,8,fresh_hidden_empty_ref,0.7477590028241287,0.10058438743288647,1.9629827737808228,1
rep_05_S12_age_08,5,42005,S12,8,stale_hidden_fresh_ref,0.11988126963815524,0.1293755082278099,0.013133883476257324,0
rep_05_S12_age_08,5,42005,S12,8,fresh_hidden_fresh_ref,0.11592497083675427,0.12509842335094154,0.013133883476257324,0
rep_05_S12_age_09,5,42005,S12,9,stale_hidden_empty_ref,0.0,0.0,0.0,0
rep_05_S12_age_09,5,42005,S12,9,fresh_hidden_empty_ref,0.7501067851719461,0.10849466707528575,1.9667218327522278,1
rep_05_S12_age_09,5,42005,S12,9,stale_hidden_fresh_ref,0.09202168878542832,0.09925027234087028,0.01312398910522461,0
rep_05_S12_age_09,5,42005,S12,9,fresh_hidden_fresh_ref,0.08468565739228497,0.0913139135854172,0.01312398910522461,0
rep_05_S12_age_10,5,42005,S12,10,stale_hidden_empty_ref,0.0,0.0,0.0,0
rep_05_S12_age_10,5,42005,S12,10,fresh_hidden_empty_ref,0.06131918715311611,0.0661887065085653,0.005884706974029541,0
rep_05_S12_age_10,5,42005,S12,10,stale_hidden_fresh_ref,0.14380952052723892,0.15524635920155855,0.012635469436645508,0
rep_05_S12_age_10,5,42005,S12,10,fresh_hidden_fresh_ref,0.13869316796661824,0.1497103200738332,0.013095200061798096,0
rep_05_S12_age_11,5,42005,S12,11,stale_hidden_empty_ref,0.0,0.0,0.0,0
rep_05_S12_age_11,5,42005,S12,11,fresh_hidden_empty_ref,0.7505727962810976,0.12121861777810791,1.9635052680969238,1
rep_05_S12_age_11,5,42005,S12,11,stale_hidden_fresh_ref,0.08860086899347965,0.09554984751359828,0.013120889663696289,0
rep_05_S12_age_11,5,42005,S12,11,fresh_hidden_fresh_ref,0.07943795542900159,0.08563623803194312,0.013089299201965332,0
rep_06_S8_age_08,6,42006,S8,8,stale_hidden_empty_ref,0.0,0.0,0.0,0
rep_06_S8_age_08,6,42006,S8,8,fresh_hidden_empty_ref,0.02599479135588139,0.028048945260960127,0.0031055212020874023,0
rep_06_S8_age_08,6,42006,S8,8,stale_hidden_fresh_ref,0.7608496012782976,0.13925783573773934,1.9839073419570923,1
rep_06_S8_age_08,6,42006,S8,8,fresh_hidden_fresh_ref,0.7597165701007811,0.13184367430699245,1.9839073419570923,1
rep_06_S8_age_09,6,42006,S8,9,stale_hidden_empty_ref,0.0,0.0,0.0,0
rep_06_S8_age_09,6,42006,S8,9,fresh_hidden_empty_ref,0.1502810064500162,0.16187788211295806,0.029393434524536133,0
rep_06_S8_age_09,6,42006,S8,9,stale_hidden_fresh_ref,0.11528883720475541,0.12439252201612407,0.014128506183624268,0
rep_06_S8_age_09,6,42006,S8,9,fresh_hidden_fresh_ref,0.117662480903504,0.12697174899108882,0.01342630386352539,0
rep_06_S8_age_10,6,42006,S8,10,stale_hidden_empty_ref,0.0,0.0,0.0,0
rep_06_S8_age_10,6,42006,S8,10,fresh_hidden_empty_ref,0.1328577427093177,0.14312860998042143,0.025366604328155518,0
rep_06_S8_age_10,6,42006,S8,10,stale_hidden_fresh_ref,0.10279834460634302,0.1108663410130597,0.014980792999267578,0
rep_06_S8_age_10,6,42006,S8,10,fresh_hidden_fresh_ref,0.10821810508658711,0.11675177836907816,0.013865113258361816,0
rep_06_S8_age_11,6,42006,S8,11,stale_hidden_empty_ref,0.0,0.0,0.0,0
rep_06_S8_age_11,6,42006,S8,11,fresh_hidden_empty_ref,0.17542413893341555,0.18912397062845196,0.028427839279174805,0
rep_06_S8_age_11,6,42006,S8,11,stale_hidden_fresh_ref,0.09310677945327163,0.10037966948237728,0.015021264553070068,0
rep_06_S8_age_11,6,42006,S8,11,fresh_hidden_fresh_ref,0.096983611501505,0.10458699794516294,0.014495015144348145,0
rep_06_S12_age_08,6,42006,S12,8,stale_hidden_empty_ref,0.0,0.0,0.0,0
rep_06_S12_age_08,6,42006,S12,8,fresh_hidden_empty_ref,0.7494629465793415,0.10100716344006098,1.967396318912506,1
rep_06_S12_age_08,6,42006,S12,8,stale_hidden_fresh_ref,0.120021759366122,0.12952762319355693,0.013119757175445557,0
rep_06_S12_age_08,6,42006,S12,8,fresh_hidden_fresh_ref,0.1168681571781174,0.1261175847480761,0.013164043426513672,0
rep_06_S12_age_09,6,42006,S12,9,stale_hidden_empty_ref,0.0,0.0,0.0,0
rep_06_S12_age_09,6,42006,S12,9,fresh_hidden_empty_ref,0.7580296134143408,0.1659025363579655,1.963955283164978,1
rep_06_S12_age_09,6,42006,S12,9,stale_hidden_fresh_ref,0.13846668508074655,0.14946474074780564,0.013149440288543701,0
rep_06_S12_age_09,6,42006,S12,9,fresh_hidden_fresh_ref,0.13168512808963453,0.14213485553045638,0.013149440288543701,0
rep_06_S12_age_10,6,42006,S12,10,stale_hidden_empty_ref,0.0,0.0,0.0,0
rep_06_S12_age_10,6,42006,S12,10,fresh_hidden_empty_ref,0.7479117936232978,0.07808008607628249,1.9695241451263428,1
rep_06_S12_age_10,6,42006,S12,10,stale_hidden_fresh_ref,0.1085579516692136,0.11713929373739775,0.012810826301574707,0
rep_06_S12_age_10,6,42006,S12,10,fresh_hidden_fresh_ref,0.09987308645319173,0.10774213478262869,0.013123571872711182,0
rep_06_S12_age_11,6,42006,S12,11,stale_hidden_empty_ref,0.0,0.0,0.0,0
rep_06_S12_age_11,6,42006,S12,11,fresh_hidden_empty_ref,0.752410124733206,0.1262794978559601,1.966511607170105,1
rep_06_S12_age_11,6,42006,S12,11,stale_hidden_fresh_ref,0.11844844106768074,0.12782650427330802,0.01313549280166626,0
rep_06_S12_age_11,6,42006,S12,11,fresh_hidden_fresh_ref,0.11524367792306109,0.12436183493975489,0.01313549280166626,0
rep_07_S8_age_08,7,42007,S8,8,stale_hidden_empty_ref,0.0,0.0,0.0,0
rep_07_S8_age_08,7,42007,S8,8,fresh_hidden_empty_ref,0.04139394668184325,0.04468609020302878,0.003623783588409424,0
rep_07_S8_age_08,7,42007,S8,8,stale_hidden_fresh_ref,0.7608746308268406,0.13941587689218923,1.98390793800354,1
rep_07_S8_age_08,7,42007,S8,8,fresh_hidden_fresh_ref,0.7595638727248274,0.13081171632522456,1.98390793800354,1
rep_07_S8_age_09,7,42007,S8,9,stale_hidden_empty_ref,0.0,0.0,0.0,0
rep_07_S8_age_09,7,42007,S8,9,fresh_hidden_empty_ref,0.13600735385596838,0.146617662724713,0.02248483896255493,0
rep_07_S8_age_09,7,42007,S8,9,stale_hidden_fresh_ref,0.7585332239775581,0.12548709041281364,1.9832111597061157,1
rep_07_S8_age_09,7,42007,S8,9,fresh_hidden_fresh_ref,0.7576161162862332,0.11955116117962368,1.9829574823379517,1
rep_07_S8_age_10,7,42007,S8,10,stale_hidden_empty_ref,0.0,0.0,0.0,0
rep_07_S8_age_10,7,42007,S8,10,fresh_hidden_empty_ref,0.1431458813992171,0.1543431348172034,0.02245849370956421,0
rep_07_S8_age_10,7,42007,S8,10,stale_hidden_fresh_ref,0.10213485780459633,0.11015197092558096,0.014831185340881348,0
rep_07_S8_age_10,7,42007,S8,10,fresh_hidden_fresh_ref,0.10201643778780194,0.11004384297021758,0.01391369104385376,0
rep_07_S8_age_11,7,42007,S8,11,stale_hidden_empty_ref,0.0,0.0,0.0,0
rep_07_S8_age_11,7,42007,S8,11,fresh_hidden_empty_ref,0.17281049607945304,0.18637872572848463,0.024941861629486084,0
rep_07_S8_age_11,7,42007,S8,11,stale_hidden_fresh_ref,0.10616340864972754,0.11449095924567124,0.015671849250793457,0
rep_07_S8_age_11,7,42007,S8,11,fresh_hidden_fresh_ref,0.11579690542241242,0.12493431243850874,0.014524757862091064,0
rep_07_S12_age_08,7,42007,S12,8,stale_hidden_empty_ref,0.0,0.0,0.0,0
rep_07_S12_age_08,7,42007,S12,8,fresh_hidden_empty_ref,0.7520386218070153,0.11970068700809952,1.9679850339889526,1
rep_07_S12_age_08,7,42007,S12,8,stale_hidden_fresh_ref,0.12028197446031243,0.12981460346850004,0.01277834177017212,0
rep_07_S12_age_08,7,42007,S12,8,fresh_hidden_fresh_ref,0.1170972416261712,0.12636548831118305,0.013150215148925781,0
rep_07_S12_age_09,7,42007,S12,9,stale_hidden_empty_ref,0.0,0.0,0.0,0
rep_07_S12_age_09,7,42007,S12,9,fresh_hidden_empty_ref,0.7547147730726246,0.1415139280073677,1.9664698243141174,1
rep_07_S12_age_09,7,42007,S12,9,stale_hidden_fresh_ref,0.09761826537858356,0.10530315067505978,0.013143777847290039,0
rep_07_S12_age_09,7,42007,S12,9,fresh_hidden_fresh_ref,0.09474816189705577,0.1021989402945679,0.013143777847290039,0
rep_07_S12_age_10,7,42007,S12,10,stale_hidden_empty_ref,0.0,0.0,0.0,0
rep_07_S12_age_10,7,42007,S12,10,fresh_hidden_empty_ref,0.7524589666908668,0.12251096591853612,1.9680721163749695,1
rep_07_S12_age_10,7,42007,S12,10,stale_hidden_fresh_ref,0.11137097273667224,0.12017612413234338,0.013063311576843262,0
rep_07_S12_age_10,7,42007,S12,10,fresh_hidden_fresh_ref,0.10337636447507852,0.11153008255113096,0.013151168823242188,0
rep_07_S12_age_11,7,42007,S12,11,stale_hidden_empty_ref,0.0,0.0,0.0,0
rep_07_S12_age_11,7,42007,S12,11,fresh_hidden_empty_ref,0.7483897270731807,0.12231750145048703,1.9572533965110779,1
rep_07_S12_age_11,7,42007,S12,11,stale_hidden_fresh_ref,0.11911179424969162,0.1285557053367131,0.012406468391418457,0
rep_07_S12_age_11,7,42007,S12,11,fresh_hidden_fresh_ref,0.11640409978246812,0.12562583452201287,0.012581706047058105,0
rep_08_S8_age_08,8,42008,S8,8,stale_hidden_empty_ref,0.0,0.0,0.0,0
rep_08_S8_age_08,8,42008,S8,8,fresh_hidden_empty_ref,0.058465381588674904,0.06312046512361234,0.004716694355010986,0
rep_08_S8_age_08,8,42008,S8,8,stale_hidden_fresh_ref,0.762586647014102,0.14993105329529807,1.983908474445343,1
rep_08_S8_age_08,8,42008,S8,8,fresh_hidden_fresh_ref,0.7611630468425185,0.14123942566557782,1.983908474445343,1
rep_08_S8_age_09,8,42008,S8,9,stale_hidden_empty_ref,0.0,0.0,0.0,0
rep_08_S8_age_09,8,42008,S8,9,fresh_hidden_empty_ref,0.08694319691587936,0.09368451841671831,0.015909194946289062,0
rep_08_S8_age_09,8,42008,S8,9,stale_hidden_fresh_ref,0.1275383031935551,0.13763055627379275,0.01446068286895752,0
rep_08_S8_age_09,8,42008,S8,9,fresh_hidden_fresh_ref,0.12987942360168933,0.14017470366898427,0.013673603534698486,0
rep_08_S8_age_10,8,42008,S8,10,stale_hidden_empty_ref,0.0,0.0,0.0,0
rep_08_S8_age_10,8,42008,S8,10,fresh_hidden_empty_ref,0.16546860336508404,0.17851948616964824,0.021065831184387207,0
rep_08_S8_age_10,8,42008,S8,10,stale_hidden_fresh_ref,0.11437178814118414,0.12337287886812097,0.015528619289398193,0
rep_08_S8_age_10,8,42008,S8,10,fresh_hidden_fresh_ref,0.12235328842072969,0.1320236633964561,0.014519095420837402,0
rep_08_S8_age_11,8,42008,S8,11,stale_hidden_empty_ref,0.0,0.0,0.0,0
rep_08_S8_age_11,8,42008,S8,11,fresh_hidden_empty_ref,0.13577457403445337,0.14639127745328828,0.021464109420776367,0
rep_08_S8_age_11,8,42008,S8,11,stale_hidden_fresh_ref,0.08899073004572551,0.0958993339220593,0.015979886054992676,0
rep_08_S8_age_11,8,42008,S8,11,fresh_hidden_fresh_ref,0.09233572930072295,0.09956109585539089,0.014378368854522705,0
rep_08_S12_age_08,8,42008,S12,8,stale_hidden_empty_ref,0.0,0.0,0.0,0
rep_08_S12_age_08,8,42008,S12,8,fresh_hidden_empty_ref,0.7520391188061829,0.12053870130033467,1.9676794409751892,1
rep_08_S12_age_08,8,42008,S12,8,stale_hidden_fresh_ref,0.12023474203765408,0.12976328603038897,0.012794137001037598,0
rep_08_S12_age_08,8,42008,S12,8,fresh_hidden_fresh_ref,0.11741550977399554,0.12670951387043317,0.013153254985809326,0
rep_08_S12_age_09,8,42008,S12,9,stale_hidden_empty_ref,0.0,0.0,0.0,0
rep_08_S12_age_09,8,42008,S12,9,fresh_hidden_empty_ref,0.7535125452613428,0.12962965860654174,1.9681577682495117,1
rep_08_S12_age_09,8,42008,S12,9,stale_hidden_fresh_ref,0.09668253948368251,0.1042915249779407,0.013124823570251465,0
rep_08_S12_age_09,8,42008,S12,9,fresh_hidden_fresh_ref,0.09327278309189876,0.10060353163632688,0.013124823570251465,0
rep_08_S12_age_10,8,42008,S12,10,stale_hidden_empty_ref,0.0,0.0,0.0,0
rep_08_S12_age_10,8,42008,S12,10,fresh_hidden_empty_ref,0.08777988832516405,0.09481311579228763,1.7881393432617188e-06,0
rep_08_S12_age_10,8,42008,S12,10,stale_hidden_fresh_ref,0.14351567554020697,0.15492927297876213,0.012600243091583252,0
rep_08_S12_age_10,8,42008,S12,10,fresh_hidden_fresh_ref,0.13834685551880935,0.1493375133091272,0.012992680072784424,0
rep_08_S12_age_11,8,42008,S12,11,stale_hidden_empty_ref,0.0,0.0,0.0,0
rep_08_S12_age_11,8,42008,S12,11,fresh_hidden_empty_ref,0.7495903925553995,0.11779258876771485,1.9621288776397705,1
rep_08_S12_age_11,8,42008,S12,11,stale_hidden_fresh_ref,0.11893177070376881,0.1283492702810323,0.013120651245117188,0
rep_08_S12_age_11,8,42008,S12,11,fresh_hidden_fresh_ref,0.11550460759331861,0.12464419303087597,0.013120651245117188,0
rep_09_S8_age_08,9,42009,S8,8,stale_hidden_empty_ref,0.0,0.0,0.0,0
rep_09_S8_age_08,9,42009,S8,8,fresh_hidden_empty_ref,0.0644198793393753,0.06955469153349289,0.004723906517028809,0
rep_09_S8_age_08,9,42009,S8,8,stale_hidden_fresh_ref,0.7608067427645833,0.138977579345299,1.9839102029800415,1
rep_09_S8_age_08,9,42009,S8,8,fresh_hidden_fresh_ref,0.7595323817915045,0.13059248283676234,1.9839102029800415,1
rep_09_S8_age_09,9,42009,S8,9,stale_hidden_empty_ref,0.0,0.0,0.0,0
rep_09_S8_age_09,9,42009,S8,9,fresh_hidden_empty_ref,0.1290526906125913,0.13916957527243182,0.019317209720611572,0
rep_09_S8_age_09,9,42009,S8,9,stale_hidden_fresh_ref,0.11531790885052065,0.12440247493598967,0.015221238136291504,0
rep_09_S8_age_09,9,42009,S8,9,fresh_hidden_fresh_ref,0.12018032471367823,0.1296918445102145,0.013539791107177734,0
rep_09_S8_age_10,9,42009,S8,10,stale_hidden_empty_ref,0.0,0.0,0.0,0
rep_09_S8_age_10,9,42009,S8,10,fresh_hidden_empty_ref,0.13081574995322945,0.14096684144244456,0.023652076721191406,0
rep_09_S8_age_10,9,42009,S8,10,stale_hidden_fresh_ref,0.10271951191781692,0.11077926963243015,0.015060126781463623,0
rep_09_S8_age_10,9,42009,S8,10,fresh_hidden_fresh_ref,0.1078220911529234,0.11632276892642593,0.013903379440307617,0
rep_09_S8_age_11,9,42009,S8,11,stale_hidden_empty_ref,0.0,0.0,0.0,0
rep_09_S8_age_11,9,42009,S8,11,fresh_hidden_empty_ref,0.2231616958992008,0.24060289208790972,0.035629868507385254,0
rep_09_S8_age_11,9,42009,S8,11,stale_hidden_fresh_ref,0.17229761713603106,0.18600885604872971,0.014474630355834961,0
rep_09_S8_age_11,9,42009,S8,11,fresh_hidden_fresh_ref,0.20140005648160494,0.21746051035209843,0.014122247695922852,0
rep_09_S12_age_08,9,42009,S12,8,stale_hidden_empty_ref,0.0,0.0,0.0,0
rep_09_S12_age_08,9,42009,S12,8,fresh_hidden_empty_ref,0.7475585106855996,0.07925720738534756,1.9683027863502502,1
rep_09_S12_age_08,9,42009,S12,8,stale_hidden_fresh_ref,0.13191588900032197,0.14238416848902968,0.013156890869140625,0
rep_09_S12_age_08,9,42009,S12,8,fresh_hidden_fresh_ref,0.1270569007975444,0.13713198539156646,0.013156890869140625,0
rep_09_S12_age_09,9,42009,S12,9,stale_hidden_empty_ref,0.0,0.0,0.0,0
rep_09_S12_age_09,9,42009,S12,9,fresh_hidden_empty_ref,0.7575026088236989,0.1594852449960743,1.965720772743225,1
rep_09_S12_age_09,9,42009,S12,9,stale_hidden_fresh_ref,0.1036437522365248,0.11181968201535143,0.01312798261642456,0
rep_09_S12_age_09,9,42009,S12,9,fresh_hidden_fresh_ref,0.09285163165791174,0.10014735500071423,0.013153791427612305,0
rep_09_S12_age_10,9,42009,S12,10,stale_hidden_empty_ref,0.0,0.0,0.0,0
rep_09_S12_age_10,9,42009,S12,10,fresh_hidden_empty_ref,0.7567762444775162,0.15899809396681716,1.9639983773231506,1
rep_09_S12_age_10,9,42009,S12,10,stale_hidden_fresh_ref,0.11059861570059422,0.11933946458047011,0.013150274753570557,0
rep_09_S12_age_10,9,42009,S12,10,fresh_hidden_fresh_ref,0.10936109775239215,0.1180014252634006,0.013150274753570557,0
rep_09_S12_age_11,9,42009,S12,11,stale_hidden_empty_ref,0.0,0.0,0.0,0
rep_09_S12_age_11,9,42009,S12,11,fresh_hidden_empty_ref,0.7524577668867913,0.13180383623011455,1.9644631147384644,1
rep_09_S12_age_11,9,42009,S12,11,stale_hidden_fresh_ref,0.11994343419638212,0.1294448358230681,0.013007640838623047,0
rep_09_S12_age_11,9,42009,S12,11,fresh_hidden_fresh_ref,0.12193552484103015,0.13159650355660188,0.013117432594299316,0
